ID,protein_1,protein_2,protein_3,protein_4,protein_5,protein_6,protein_7,protein_8,protein_9,protein_10
0,-1.0064167300859852,0.8821247041548859,0.05614968836723383,-2.5879336096802854,1.7158789097553415,1.7206917282273777,-0.4657693089449349,1.1352134140159826,0.7503214915738167,0.6275823420510648
1,0.7727354056046053,-0.9613014479594124,1.639747235669096,-2.108845867685508,0.199882833587619,0.5681397693894349,1.3215284492920134,-0.006900666172217313,-2.4737871578714223,-0.6468083920795913
2,-1.05257668164516,-0.10495955912233593,1.550213021363655,-2.576605534981921,2.083175481096875,2.015090474175775,0.09301906696282104,0.9594347099593864,-0.2635911833646519,0.535905855033335
3,-1.5288304023752262,2.176346292554527,-0.21496942678321446,-2.0217677018854405,-2.962145408621563,-3.2951774193121413,2.1164198166703234,-1.4675496463430733,0.5791205979861743,-1.4347599669058355
4,-1.4078234877488291,-1.028771809953352,0.8107226064195625,4.0526275872920685,-1.7008132705281136,1.3999620956357832,2.2565537502425927,-0.8184556209772262,-1.529480452238399,0.7549088144392704
5,-1.2968439523127575,-0.1965134591827535,0.7447720688239478,2.0314461858287607,2.6386388303578148,-1.803136754757656,-0.7835451339295592,-1.4342609919636085,1.0428192284439148,0.277628744758619
6,-1.066043713909777,-0.2957873040713023,-0.03961275399124586,2.4868009626351357,3.054412811106179,-0.4313347726756798,-1.23021441388092,-1.2508415548869587,-0.07747381635825712,-0.8384510988123691
7,-0.3280604117527809,-0.4371949038583111,2.042813539098963,-3.1143964030500935,0.951816854480956,1.7807507532416773,0.16918593982727914,-0.00854161534484487,-0.453516453915157,-0.8791852758127192
8,-0.2979921249284926,1.90761940870286,1.195194652944789,6.802303065051057,-0.017528515807304086,-1.9715433604183517,1.317579201171737,0.6434781613071938,-2.035482339933914,0.42446134147382897
9,-1.5072786198025077,-0.2457333830439871,-0.5299832227811214,1.2465119126001578,-2.6996923422061814,-0.28626808983790536,0.7377020191365957,-0.7554569714452357,-0.5861847388311088,0.9635540685595704
10,-0.5388043475572931,-0.2457333830439871,-0.15410824572475948,5.354000083253754,-1.5842640465970934,-1.1342256675485372,-0.13204294519649415,1.4348080919533366,-1.6932571121394329,0.6696317756883793
11,2.043103620264393,-1.360790222549246,0.12673209939480076,-4.841257021563464,-1.0864672844912806,-3.3256403315319134,0.3424770972230484,-1.8813398478362768,0.20222656351755086,0.5402718531787701
12,-0.4956195213207669,-1.0077861575441347,0.11502685922362064,-2.5220368932263324,-0.5876215262870802,-1.3124199751249492,-1.141032239136219,-0.3465633091767362,2.1527102727774867,-0.6785448532086181
13,1.5331934636335869,-0.7628857260880861,-0.9795709420803741,-3.4504070290533737,2.688648017600401,3.2708143251302277,0.2737391926955378,0.3127464951326914,-0.10598660496000048,0.874553345356898
14,-1.8322064561556688,-0.5897564474465239,0.8603450970315073,1.8796696238593815,2.092238039465664,-1.5178153902407443,1.3520310934495818,-1.9644181271516676,0.9960437617257918,-0.7068225597474053
15,-0.8862420308008727,0.02752306470656334,-0.09037125195267404,2.238015393918373,4.445764273844962,-1.3835227430965067,-0.37855851394839146,-0.6106728867018747,0.6108861265785839,-0.4857620519590016
16,-0.3185374338216231,0.3332827367850127,0.07925396225412187,-2.9950143429844083,0.9648480672897678,0.3103552785475775,-2.1572797447046708,1.7459702448366388,1.0935103387527627,-0.4918543761611179
17,0.4828888600876901,0.03592686026813625,0.03451311655322549,2.2104452215958017,0.0732907258625629,-1.1392517281823842,-0.3505665506284515,-0.2684483813725049,0.5300227682087725,0.4506691563324583
18,0.19378496142815696,0.05499236674416153,-0.7355195144389675,4.751166610377566,-1.4929456073428482,-2.2741386554170133,-1.1582062566718994,1.81524351474096,-0.10598660496000048,0.03271889023286818
19,-1.5192625809113893,-0.9100527465924241,0.6010916116203454,1.3608377656492985,-3.028222473465328,-0.46659570544169043,1.1267562160387057,-0.4332206830325676,-0.07770266455746475,0.5750199394318327
20,1.086210937010067,-1.3435228873712048,0.5194753511951462,-3.9118184835556864,-1.2949795517387108,-1.923449824746276,-0.8158359151396926,-0.1197277395213649,0.5186301950950795,-1.1878277372321602
21,0.40493268247217207,-1.252823881156165,0.6548680690384622,-4.074916928216767,0.21501657484268905,-0.6297305551056346,-1.043591858598667,-0.027933109376743204,1.629902211422526,-1.1627310180229744
22,0.6015332047991341,0.8330548667652857,0.734957018348278,4.510692540424062,-2.097784952387006,-2.114262815019265,-0.5104137954909914,0.5372745667733542,-1.757360155561365,-0.3177712995130281
23,0.14946970657246328,0.6121563795938517,0.2990219839949527,-3.6779836112462574,-1.2918625257418153,-2.812374425829053,-0.7832473725449783,-0.182323774123988,0.623085340032431,0.4100762318980381
24,-0.3348303272205511,-1.325467759908534,0.5959487110061835,4.270587988506658,-2.7977040469313894,-1.3661939856277052,0.15699368807290826,0.8585594642709095,-1.4899850010867823,0.3053465926852875
25,-1.0557434684160292,-0.5075685812325339,0.23260418277970504,2.161096299527672,3.9324630520525807,-2.137381077621823,-0.3658418443732125,-0.8723970797250158,0.7554459600936267,-0.3634759866731567
26,-0.1151026333458828,-0.4623573300859531,0.5129587016828872,0.9839146673330058,0.9822660706691396,3.0048999798155567,-0.664186568319589,1.6123860399027492,-0.4592362248767996,-1.4946220915960768
27,-2.0612914479547366,0.3186745020466809,1.1219389137973657,0.6971469879638995,4.017917070197682,-1.9375997165502192,0.3666419262462553,-1.087315018640006,1.1993047879587457,0.4297193061822471
28,-0.1196734404318145,-0.7431695427751182,1.309452462403429,-0.9005747134829543,-4.8368732789389055,-1.6764410771329217,-0.34415072298020033,-0.2763445324905593,0.5962076337724307,-1.5255323322343466
29,-1.1325846258089465,-1.4693856790553703,-2.013702537171583,0.4481513342670887,-2.4295293842321004,0.537720042546219,-0.30409013584624683,-0.3786264205027504,-0.10598660496000048,-0.215674930754297
30,1.1165127155808054,0.1744412007092411,0.07688374505575686,2.035833448833302,-2.1443488999716287,-0.46659570544169043,-0.4753164084948082,-1.6238964652345054,2.3093019126812018,0.6790004970330816
31,-0.8488396650745711,-1.0421556690920657,0.7159577033200291,1.3462112695999968,-4.331929068454915,2.5073603191204437,-0.6661749308592889,0.1940418356414205,0.36231686986178063,0.5059534053253222
32,-0.2979921249284926,0.9110046475590736,0.11502685922362064,-1.0283660176315703,2.875049732819165,-0.46659570544169043,-1.8052065714322307,0.9838425608926602,-2.0533710051847285,-0.206679586619955
33,0.2225896834634315,-0.1869511331068934,0.06670532506212286,3.5742048148176258,3.6819075384714086,-1.747952031753316,-0.2752993130595267,-1.087780484560084,-0.018304841122893108,-0.8896679873565234
34,-1.7006323445244025,-0.269271601194118,0.6730762802997442,1.6688767170197112,0.14286188674728156,2.3441875916969264,0.04506478552619902,-0.4948130725480604,0.4764155724083908,1.1154945128099667
35,-0.919463213766566,-1.311643359512528,-0.1335408352681932,6.12506748065643,-0.5560380543027004,0.5295770764785924,-0.0990360978686093,-1.106081435216289,-0.8946764977823378,1.3741880316782416
36,-1.55879420574938,2.8349476484133245,-1.3684855459992158,-2.6361121533398246,-1.1744992972749964,-1.6407225414788449,0.29595790327793986,-0.00854161534484487,-0.5089917005215012,-0.5241087843180267
37,-0.2979921249284926,2.8964060957882847,0.3692880470849066,-2.4502389246547907,-3.8160944482680135,0.4627115371819226,0.055453759228346916,-0.0003695912014282709,-0.04732905294415884,-1.08586763900261
38,-1.283428626949012,-1.2622549201394755,0.4960571683934131,-0.09057766674729667,2.4739040504703187,0.6562567720919301,0.8856900760155557,0.9052255809675712,0.21165018410791586,-1.3721745323290748
39,1.3202629133594064,-0.7531299726723225,0.05614968836723383,0.9839146673330058,4.0818588193680565,-0.4960763622988267,0.3004136948345345,-0.7395302536141171,0.04157561679586105,-0.9505982495146234
40,-0.3639831688104463,-0.09557184123794936,-0.5246257869376961,2.710772008985544,4.069704708276536,-1.1673786139043465,-0.7094217883086702,-0.5476469957194386,1.0597916120798154,-0.5855572689825339
41,-0.2229026723552332,-0.09376139529537955,0.07688374505575686,1.02159544025837,-0.5535828081009694,3.306928073493326,-0.041912149525109306,0.8719123146811499,-0.10598660496000048,-0.01173175552299764
42,1.9765668792468771,-0.7225955449157331,0.11502685922362064,-2.6902250469457107,0.7250004357212746,2.7867565388452022,-0.8867964190665265,0.2714167744713257,-2.2775297966562413,0.017869693435105628
43,-1.1669008916552341,-0.6704130113624546,-0.1487268534834735,3.7801683163906414,-2.3004367419201266,1.8606585182222175,0.5913093507263502,-0.25306679935459325,-0.8648966944887122,0.9055102368009784
44,-0.20687192407022226,-0.4542228508988211,-0.14188145369507674,4.256391542874281,-1.9650467418451736,-2.354856342874013,-0.4292783008343579,1.5193173488701353,-2.048576877347258,0.7412611340466889
45,0.11739735812846892,1.48978226254141,0.05614968836723383,3.4935916127222204,0.3122276165074941,-2.149617218526984,-0.0990360978686093,-0.09264045750522651,-2.213171295173169,0.938619308209346
46,-1.1848552733000952,-0.13161045641620706,0.4639463050588677,1.96799349263442,4.392508572166064,-2.095065024838664,-0.06660246550322722,-0.5885791085956203,0.9330701241838792,0.20518956488592024
47,-2.2748127076530515,-0.296361135156874,-1.3564387853464377,-1.263690315377624,-1.656034510722804,-0.5404716084780166,-0.1668421728309195,1.1516359029772405,0.6888182936850656,-0.6029420608412595
48,0.9708145606666144,-0.6494511221765693,-0.4483287270689771,-4.1819434699748,-0.8038757631813244,-0.46659570544169043,1.2397742601852866,-1.7601920046471096,1.0716304677319834,1.4634383532965334
49,-0.869231574757805,-0.7712138512706709,-0.1695546001129615,3.8845553917956535,1.9416208510771424,-1.6465569217218363,-0.1203657413374727,-1.4377105247765043,0.6048112259347059,0.03271889023286818
50,-0.6984058269101914,-2.4870850127473263,1.7723250285398848,3.4959845374712715,-4.075224204762779,0.6952908111618038,0.8825282964312042,0.27483403363919257,-0.9378440890894564,0.645916055618947
51,-0.9191596759545222,-1.6136156209461383,-0.9197928677352892,1.6442346864835875,-2.924153512334544,-0.28626808983790536,0.6249637269270981,-1.2703283984887097,0.2277685063965013,0.8768563258688643
52,-0.6675708376686346,-0.2607468677299315,1.3577179138789774,-2.9472835490980738,1.097075781729528,2.251112939757714,0.001717088999613915,1.3560381424205672,0.12341272123925308,-1.1820865604872697
53,-0.2979921249284926,-0.2457333830439871,-0.13931556078309926,-3.1236391555682945,-1.974069896253204,-1.7375485507601056,0.7250004898280791,0.9227980123125497,0.5751755240961322,0.6285351157482205
54,-0.2979921249284926,-0.296361135156874,-1.2452483681391278,-3.6790762234102785,-4.602955149884816,-1.7964768802535955,-0.041912149525109306,-0.6587821783218796,-0.3531802506429236,-0.012795027238502798
55,-1.2252935869858002,-0.5652008756764528,1.0991013774079703,3.823161051292409,-2.4036851888900994,1.0021512892584334,1.6210486234688728,-0.5329227259336531,-1.3157312831690493,0.6553813037171906
56,0.017955286086639724,1.0962852786671184,0.10221634765360713,5.097957436119251,-0.7432795751625861,-3.197382948020433,-0.7231241724888826,0.32106776256448805,-2.031239940955127,0.23550114395846425
57,1.0455478701618897,-0.6323254324717718,-0.6282023056270208,3.4346972409759946,2.930199621924229,0.4349614675168773,-0.2188028468462476,-1.8433427735492696,-0.07747381635825712,-1.4262103341834205
58,-0.9372716056242888,-0.6783963817789155,0.9515383242401182,1.8303883076268017,0.14286188674728156,-2.0912802234176318,-0.22132918053359307,-1.0094457115260258,1.2242813339215857,-0.9216212283982594
59,-0.6832608747368252,0.4574842215431872,0.8188795019518675,1.045385973984568,0.14286188674728156,-1.0466364155772854,-0.30357686106532583,-0.30319652076368103,0.9117087069858736,-0.3127443256135036
60,0.11055748042361416,-0.1825042371964492,0.3878291061420884,-3.6291224649680016,0.4178383379421836,-1.031470579956272,-1.181198911534293,0.5208155241818804,1.1066914823759273,1.0191035744238035
61,-0.2979921249284926,-0.296361135156874,1.196738841766302,5.44026865457613,-0.9041633909436294,0.11173739998109787,1.446370655309848,-0.10106611582239268,-0.07747381635825709,-0.18950414350657316
62,-0.8925188232271917,-0.3453417299645746,0.29803216264517696,1.2093801159094597,4.4525960933976485,-2.4225691485352465,-0.2884945235007926,-0.4450259908698487,1.156511639220403,0.08341588530823651
63,0.7043083172950719,0.4242131817982448,1.5180845481192682,-3.1785226267025823,1.2419797786853175,1.832526766224392,0.2450901761115641,1.1121858810805128,0.9562045346644878,0.6973541221003531
64,0.1972679897295764,0.8100531862227154,0.17138399693360346,6.078047760676683,-0.7713571104005538,-0.3994496436769738,0.15566968282661106,-0.08110100359778555,-1.6792618847796663,1.2735351999961395
65,-1.7926607033514137,1.1298002374209788,0.6177822079636371,-0.8404963857148908,0.5641703466730472,0.8674694191760856,-1.0376999008762668,0.7404751546060151,1.4190930623044882,1.2809410760231208
66,0.7800748386767645,-0.7897300291154958,-1.9136832880499977,5.120367569099376,0.008357666113798422,-1.3403640591405326,1.6395964922327997,-0.0559284285696813,-0.3314815349175828,-0.34395326733699383
67,-0.25860866416457073,-0.6520568280440966,1.433417660500886,-3.00888727489586,1.6475727118633032,2.5864745459380467,-0.2077321879945474,1.3040386485408175,-0.7665212072455879,-0.0837416784796034
68,-0.2979921249284926,-0.296361135156874,0.05614968836723383,-2.536847862765569,-3.78629096660022,-3.2117426742414783,-0.0990360978686093,-0.008541615344844882,-0.5357102442419421,-0.9365564790931538
69,0.8727910668564098,-1.863516870102521,1.383223329225132,0.04451170911253323,-2.633226301622149,-3.2522745233423587,-1.7820877081156394,-0.496658088378963,1.0371300759918185,-1.4188343615765593
70,-0.967242757957108,-1.56736282926897,0.4013477454567177,3.511711907582713,-2.843733808181528,1.3712332357232853,1.8298119037081102,0.5190326312915557,-1.6586819072150123,0.6888336737650189
71,0.40599173724908827,1.1044505075329447,-0.9038863659850596,-4.4059453969028315,-1.038500172524093,-0.15778544624947682,-0.16627170969303806,-0.6600448521181531,-0.30353472133940035,1.197016661934844
72,-0.1948956435298451,-0.2591898851022271,-0.3381950968936211,2.2944719092110524,2.44285721046009,-0.9162171993064441,0.07902722073916098,-0.9890126573112789,-0.0673309638016318,-1.2842538615094876
73,0.3617277940804336,-1.532160417312581,0.4125536429444249,-1.1720384336463858,1.441111178600868,-0.5691534680640495,1.0927946780093871,0.6826648874603383,-0.6135716389822747,-0.3242161712758088
74,1.3972829537124385,1.9114108270436088,1.2068704524676197,4.957276263163472,-1.3137000991287957,-0.18468761671007775,0.2569683214937402,0.15922103036422544,-1.9038800922903127,-0.0179566901606911
75,-0.6470765790453886,-0.4227155477330643,0.049446835697897686,1.3008259824697683,0.04266787428030894,-1.1985988288294107,0.19111733550745671,-0.026129748030665288,0.3799109374943594,-0.06385159540198622
76,0.6672091643304503,-1.3741896865837508,1.8182946992709668,-3.2619921930893465,1.172343911132694,1.8978752305131064,0.6087010675570101,0.8368612544052266,-1.6259002847959956,-0.9071188262422378
77,-1.8833308418041952,0.7973349579504808,0.9320462450215359,-2.9649544853055585,1.4882754939582659,1.6052473887298002,0.3796746944508067,-0.09264045750522651,-0.07747381635825712,0.05833282239910964
78,-0.9784504977633062,-0.041793576102670295,1.6214426204907328,-2.4204491069291127,3.0190926684631254,2.8743474467209613,-0.09818488870322226,1.8667046327836103,-0.3693499035132501,0.09513453795980144
79,-0.6505643114305181,0.4660383127186983,-0.6580122026837466,0.9839146673330058,-3.1807833245157453,-0.46659570544169043,-0.19585059119354795,-0.09264045750522651,1.2775330201527533,0.5704933162654651
80,0.17639769567375918,0.5214991645385201,-0.5994294087687084,4.658374545276379,-1.1458505684703124,-2.200222125240775,-1.5921693506609145,1.309947839600904,-1.378792406978613,0.12369561650872528
81,-0.09837270695044607,-0.299786352528961,-0.4247556531747946,1.6537947399694464,2.887859259660603,-1.4811519705465213,-0.5660473682569369,-1.0142582173243788,0.3501735807755211,-1.0563072224393577
82,-0.2979921249284926,-0.296361135156874,-1.092815358340959,-4.006666842313724,-1.3251673034214362,-1.6953416541108501,0.8242369970338512,0.9980846344329458,0.4643543921063169,0.593553183539432
83,-2.0253423445471688,-0.2457333830439871,1.2290754778327464,1.2808521403251654,2.2678411205431037,-1.0741832764956127,1.010276824733512,-0.9241739553231084,1.1575025528219152,0.19118467519502924
84,-0.2979921249284926,-0.296361135156874,1.8170306006227477,4.630349957220038,-0.6105593040801269,0.008959041357086927,0.4296169967215623,0.24865133531784345,-1.9127943929179625,-0.16723194949025252
85,0.8058288343829658,-0.8457873020248399,-1.976402273341004,5.7564297864549205,0.14286188674728156,-2.193673096321349,1.5887882779090463,0.3708990723241364,-0.5517553767995657,0.4167579635566983
86,0.2375887307032707,0.37615937058353416,-1.301488077287387,3.267548429656911,3.324449834940338,0.4525391379915669,-0.6128479328448947,-0.8353383338857198,0.9729889860565504,-0.4622262381054413
87,0.6921559526368976,-0.2457333830439871,0.1868828035149368,-3.4487452038365447,1.4615561689021719,2.923747917984344,0.06384072692158922,1.7425866364752984,-0.07747381635825712,-0.3267653806660498
88,0.7158187411384963,-2.185653662481008,0.11502685922362064,1.0093538961436206,-0.6979135260620749,-0.11280708110494354,-0.041912149525109306,-0.05033615396441251,0.4348529070293058,-0.01173175552299764
89,1.9056215011549396,1.2211600690431603,-1.6205520837180922,3.4503834050081967,0.09535949408809692,-1.7197964404429464,-0.041912149525109306,1.5230530558847415,-1.6068467074189234,0.3239673898103593
90,0.034014768007664016,-0.7917287204714364,0.05614968836723383,2.9251575681609236,-3.1272865804771786,-1.5955189246144503,-0.6919965358367457,1.5164524807720041,-2.0391143033961896,0.19800268058043485
91,0.01679502238371459,-1.0255395695509208,1.6935895405159072,0.9839146673330058,-0.4551156473142692,-1.4328671383048135,-0.8674291821124746,0.11985313162049027,-0.07747381635825712,-0.9007338888052584
92,0.017955286086639738,-1.846863210194262,1.210340760672615,4.119291922801726,-3.2214842093372362,1.0931973568420812,0.4900406921693945,0.5042275473859933,-1.168300947479551,1.3420350615582508
93,-0.3853770687258146,-0.6572232957521866,0.2102229487787192,6.009053973773389,-0.38696241784052265,0.38985489250798266,-0.0990360978686093,-1.0463770575210167,-1.4079314907586329,0.8686857451207902
94,-0.3474454085189998,-2.6158031177384173,-0.2917155649582066,2.0604976716435384,-3.4896143642043835,0.1927699812587739,1.6264319915262273,0.3477394128689143,-0.4200600262721044,-0.22267453906263848
95,-1.1209274325997234,-1.3406604706498015,0.988053032983062,4.827924276188983,-0.9068847908253664,0.3377370683929978,-0.0990360978686093,0.11771532213774835,-2.1409245734554303,1.4055536371022808
96,-0.7346482816024203,-0.1835846474655085,0.1991980224792029,2.9612983095435954,0.030296356839860126,-0.28626808983790536,1.4263545067244148,-1.875587105397826,-0.1350770090650696,0.691204769788407
97,1.5079690046624061,0.9888200623385566,-0.8963530086086986,1.9507468927214044,4.220599764250367,-0.820811446006107,-1.5546196672489954,-0.6397289218657729,-0.15601575280124788,0.10084318131958916
98,-0.5503093956438831,-0.6657432745750824,2.172860421395108,-2.365367524477627,0.15507222264768394,-0.15778544624947682,0.42971158292685785,-0.00854161534484487,-0.29501428918492056,-0.893485146846447
99,-0.8617029582669337,-0.290966955877038,0.40762562536040015,2.1555991088355433,3.356208662598634,-1.5727713748459742,0.35485756432840593,-1.6651443302320086,0.7673251579898065,-1.2708620464885307
100,-1.41066036067776,1.1876839600614648,1.496637786713597,-2.2629938874201603,0.5714884421770599,0.10712601539565847,-0.5789385818028542,0.7648385665896964,0.8033351557307721,1.2038105536932493
101,0.5489085768116848,-1.106022849264971,1.8610452680019247,-3.9018782136017114,0.9525967879401188,2.0501442628520947,1.1768969280205566,0.6831319676293475,-1.9753310537350688,-0.66725055467603
102,-0.5077078510706396,-0.26600743502709073,0.3866704623793879,0.9839146673330058,3.027288101104993,-1.0863591391215868,-0.02209849079722425,-1.4602775944322588,0.4976650251795693,-1.0813145768844168
103,-0.4685600255270547,-0.2457333830439871,0.11502685922362064,-2.343823044129996,1.3717114089333555,-0.08263743929685402,1.8077634559761044,0.5224791740649032,-0.4850900539393466,-0.5743743555593188
104,0.02656731835522131,1.0502668926067076,1.332365896864325,3.1608522989662498,-2.5279145142317825,-1.4017477907721143,-0.0990360978686093,0.5551324514710669,-0.2359170078805136,0.6662986198043637
105,-2.07058008289502,0.2946985848732763,1.1750832787131906,0.6908301174492717,-2.6049327554266077,2.5703336823475174,0.12597952695955794,-0.7085095956958499,1.054752129798016,0.6009909210668276
106,-1.0718694798126691,-2.5445778834709176,-0.6590593050141217,4.00688521844747,0.06216507023737632,-0.02084322405816357,-0.0990360978686093,-1.658574726873307,0.7209046860409534,0.16664808307274792
107,0.7245276861565265,0.3366033677640459,-0.7994020079187224,2.4949918820460515,4.3648441746458975,-0.8687753100562617,-0.5793964184323545,-0.5600297431524301,-0.029740516880267395,-0.6147216959794224
108,-0.1886762334589401,0.2721435621630145,0.1195724440222227,1.6652475857660118,3.4668945238304913,-1.0877115138975495,-0.6972044395439767,-1.1344076423171547,0.8986184018961524,-0.8014686607613161
109,-1.071175175936752,-0.9400108744196858,-1.6970125008037746,1.025997972191808,-2.2400671575371485,-0.46659570544169043,0.17811257170754696,-0.2604500343518856,-0.4880141978025082,1.2365463824584049
110,-0.2979921249284926,2.9260277092092952,-0.31473827351747075,4.351355115706946,-0.9812210410394392,-1.8495044674782304,-0.0990360978686093,0.6462050554493828,-1.623726741399456,-0.15775512213281545
111,-2.4849941971782084,-0.296361135156874,-0.94325309914019,-2.61695602021929,-3.7944816272404474,-2.8750519425146983,-0.041912149525109306,-1.654910245605642,0.19567033253769786,-1.2286104578263517
112,-0.38717982987119054,-1.2696265477156508,-1.2018301818600872,5.112706054875853,-0.7978440867834555,-0.009809285001749891,1.4227770735985386,-0.2815096685274395,-0.19928956336482195,0.5375718317214129
113,1.1131967268410798,0.12001553472244947,-0.30870700756787905,2.4080029884137804,3.2551669421327882,-1.1284013364895216,-0.6913432915895471,-0.7476796234252987,0.6597267523453424,0.03271889023286818
114,-0.61383881599836,-0.15971921167429978,2.1218472068001493,-2.495799428865504,0.6617098804791393,1.4305616953319908,-0.43317310716077706,1.2848579722232698,-0.29949257098379617,-0.15876701944258387
115,0.34219517687183243,-0.7395510701432403,-0.2655582070390645,-2.3418051561678848,0.4838965929486143,0.4954128617987607,-0.0990360978686093,1.4077012169568237,0.96108946611128,-1.4728725459234198
116,0.4068759313520955,0.4951894472980115,-1.25860211040827,3.1687397024763357,0.14286188674728156,-0.28626808983790536,-0.31709466390626706,-0.05033615396441251,0.9809208940437396,0.6697376641868297
117,-0.9304445358575316,0.04668639878406456,0.3424169137848717,1.7480048491906304,0.14286188674728156,-1.1952254498205224,-0.2647361384342752,-0.4757464667483843,0.2339940522791567,-0.4592649638043
118,-2.0399766410010387,-0.4333183059608113,0.17230046256082088,0.5426852626519959,-3.355334531039699,-0.46659570544169043,1.0922287759451297,-0.8569669168694041,0.5502518803627805,0.8429614127892534
119,-0.2979921249284926,-2.46549687551965,-1.2424593710112586,0.9839146673330058,-0.3485717438298074,-2.0145209766246333,0.8158164518633653,-1.531088649005951,0.16996318444170827,0.8109449203230893
120,-1.2395969891952558,-0.9808745984040379,-0.05580695995276885,3.5281091643151368,-1.5433735434602265,2.7421988233318757,1.3017272545062906,-0.9091628170552556,-1.1028293143859944,0.9222373347100572
121,-1.32405102255113,0.6581922239421616,1.3009966774322503,-0.8414091645290308,3.3923812664976976,-1.9088341140666785,0.7694924185897534,-1.00389600885815,0.5929967467331235,-0.01173175552299764
122,-1.3194900000655196,-0.6484857192812068,0.7541355421877981,2.250554309108771,2.702551517160687,-1.5656601781126402,-0.2095426129792664,-0.00854161534484487,1.22393803446176,-0.7367882527151185
123,0.7200641858877541,0.1461437772688372,-0.3757032500865899,3.1074776903588885,2.993207216297791,-0.9748131201168386,-0.4512742137602697,-1.3048601436353038,0.7918445496604938,-0.8125702596400352
124,-0.22729963384712,0.3811824581535241,0.9949935729463156,0.16764886287183725,0.0732907258625629,-0.938549271216605,-0.13562134336265144,0.11452323372741495,-0.37007497993766464,0.6779820208963163
125,-0.02258954360462697,-0.3934741836982196,1.838081826180988,-3.924943566194024,-1.0434251625845825,-1.8590070764204865,-1.2495867001120873,0.02953504571164235,1.734199338686501,-0.2308872658047249
126,-0.5028201790561492,-1.8671465280800528,0.05614968836723383,4.842717689766134,-0.6566630262358567,-2.922635351418121,1.6233476811722822,0.09453923609958303,-0.6237529770528544,-0.09507693986397224
127,2.1354128262926046,-0.3578565851673431,-1.2867802104143524,-3.2946324301998784,0.14286188674728156,-0.46659570544169043,-0.04011103012528493,-0.9822074154459504,-0.9543691130125634,0.043497775912257765
128,-0.29066969040125745,-0.5950364117840159,-0.481844194950646,2.1039946361531108,4.724611192441809,-2.337498283675791,-0.09503961803248936,-0.5447504383664932,0.7431845693790641,0.002317442748737549
129,-0.5587956787321667,-0.5503684792525627,2.1398835693364866,-2.5014774069951593,0.7580417098027159,0.021086479524267208,1.6607891431458055,0.1899479450104361,-0.4386186677031972,-1.1609055408452509
130,0.4307546717602823,0.2624025325657793,0.11502685922362064,2.0627304000305435,-1.7947200835679396,2.9557838081773213,-1.1326456585226004,-0.7110615308833713,1.7067363467932546,0.459507957321105
131,-0.8003683912707688,-0.31115721046552386,-0.8791691213407065,3.4685068007829707,2.836826607401912,-0.4080009998060157,-0.11070069845109863,-0.7578278747411687,0.6543644569579017,-1.1971620709958797
132,-0.3137097808811453,0.31117362616805205,-0.73010173963373,-1.5077817258093085,0.14286188674728156,0.20456700808418468,-0.0990360978686093,-0.09264045750522651,0.6538935627050926,-1.25327125976063
133,-0.4552302909041271,-2.1821388002743833,0.13404516755913468,-0.07998544733025884,-4.696889080679132,1.5276719744845149,-0.8219816575567138,-0.253214910079074,1.685268062978316,-0.6477074911031225
134,1.6787930105964644,-2.6834767138948727,0.05614968836723383,-3.9761432615895953,0.3839718222384286,-2.499020342801551,1.654662025919675,-1.3304479871656223,0.6763361781836021,-0.5116608722192816
135,-0.5146374853024163,0.5723829704572446,0.454101492161801,4.463988917827762,-1.638757997111755,-0.9810741706614884,-0.39013971221543997,0.3082374453631133,-1.3961626799460871,0.4435599373550216
136,0.5002090130034116,0.11427067287724745,0.8317729211864542,5.689079856327076,-0.49308909995567896,2.3347066517098485,-0.0990360978686093,-1.4088878730723755,-0.07747381635825709,0.5580707616545827
137,0.6909698879640801,2.0649999635524376,-0.15182446496164514,4.8106620054051525,-0.6742691852015411,-0.15778544624947674,-0.864463828767104,0.7541322990059423,-2.3059703721953437,0.8489217996078249
138,-0.2979921249284926,0.1690334161566209,2.050642712013904,5.215580570923531,-1.5964964531796662,1.9666308421532916,-0.041912149525109306,-0.6710646414726424,-1.5795846762705812,0.13330212730754215
139,-1.2998455076135471,-0.3775672921845419,-0.5997748437838061,3.8963651817443976,0.6405998898518935,0.30354453353037264,-0.35996522464856295,-0.9683406289621302,-0.07747381635825712,0.03271889023286818
140,1.7369790794534388,-0.07089484532108613,-0.10228470707069626,-3.929322187872888,-0.6869466088865934,-0.46659570544169043,0.5850101509083825,-0.05033615396441251,-0.5355179391518062,0.6702439485849838
141,-0.6310880689654501,1.5208387916239967,0.05614968836723383,-3.328464433922444,-2.414527508338203,-2.2334707736802537,0.15625216433374353,-0.04799677876543392,0.07369864926218217,-0.6487899508114757
142,1.1136958044130247,0.2450718778889863,0.35214567578572703,5.283993057038439,-1.2993830550023708,2.67426889674988,1.8043315778433329,-1.1063468312285036,-1.6926063163357026,0.2183124412057588
143,-1.0183818275857546,-2.317992280672785,-0.7541348175996144,5.200055231838537,0.1040853473292936,-1.3571327816687822,-0.0990360978686093,0.2552338031068286,-0.8689129338950307,1.3960191561223114
144,0.08753093406530056,-2.487868276101333,0.7701845102647533,-0.15824730030814615,-4.0543879251069335,-0.5440748778566161,-1.1080532044376532,-0.17714991334224572,1.912857778217808,-0.01173175552299764
145,-1.5126139805493382,-0.6604461445104884,0.0523854542498466,2.7910580289274973,1.3966390657845176,-0.5389043139146876,-0.3027839497067721,-1.1411247752423608,1.2626902348528195,-0.8986383330309662
146,1.378459725158241,1.1684684362197502,-1.6926219907751383,-1.614779644710037,2.877211300319888,-0.46659570544169043,-0.7756174549351482,0.26483644879906826,1.0803353126653787,-0.29520264937029594
147,-0.17447823359240092,0.9744551836399424,-1.4387681008834683,2.7273003953626307,-2.0446215305448843,-0.28626808983790536,-0.2378690229415509,-0.05033615396441251,0.4555973270689109,1.4411865141058464
148,-0.4750461209659178,-0.2457333830439871,2.0855016815209297,3.442371893388765,-3.6194199036354338,-0.01889733412254804,-0.006849844451483365,0.3432649344064446,-0.8710161917929293,0.09963079098027333
149,0.7786738775964211,-0.4558381137425132,0.05614968836723383,2.785268570828785,-1.0093395708246211,-2.5422059421819045,-2.049173621314041,1.8360524304904755,-1.4526311371847294,-0.27232195783279844
150,-1.6520815414401315,-0.09824387427141296,-0.18995318372569667,1.1068784989025504,-2.888362598703679,-0.28626808983790536,0.03521589079886887,-1.0110562917824104,0.8947757623345249,1.1656165855272602
151,-0.2229026723552332,-1.7586252529023945,0.11502685922362064,-3.706239959352977,-1.5665738142875174,2.1933891404171573,-0.0990360978686093,-1.3793043685656914,-1.4655448832647997,0.7931860618510255
152,-0.33691520640599176,0.0767365243628923,0.18394558275275408,5.201354449720803,-1.545829331276129,-1.0514086306339123,-0.13374813466140334,0.2119176766960092,-1.342561711994374,0.7146036835722388
153,-0.2539576880313251,-0.2804242437969837,-0.19021057105323105,0.9839146673330058,4.433605158751889,-1.3581332205631789,0.6233591881860414,-0.07941998388638523,0.21264521476235,-0.3834517593071783
154,-0.2229026723552332,-0.296361135156874,0.11502685922362064,6.0187003593204595,-1.777781125536583,0.12310302163668503,0.9090513387941436,0.11134952767691593,-1.2192740215288211,-0.9156937926625224
155,-0.24773603499881774,0.11219960350517966,0.3571079683851713,1.3256255386628386,4.7568592193605586,-1.0746131928263567,-0.2648986762016419,0.17650394790446536,-0.3159790345831928,0.2644432701015527
156,0.7746481275893603,1.1694584835299875,-0.4386965662037464,2.5446561275039925,-0.9901179917905832,-0.02642146041338033,-0.041912149525109306,0.6781959322553865,-0.3495892016466801,0.2670234851384476
157,-0.2229026723552332,-0.1984200531238008,0.07688374505575686,-2.757327456564146,0.09868439944133472,-0.46659570544169043,-2.1638365173264833,-0.6636903600810907,-0.10598660496000048,0.7748381918080812
158,-0.5979006289931428,-2.5418301889990453,0.8061927722483665,4.8300336436317535,0.1428618867472816,0.09382839093655992,1.1581868349828437,0.5445517348621715,-1.223795513632543,1.2271696484178594
159,-0.9447409947956279,-1.8396269933087717,0.4236069153113597,0.6796105973947775,-4.202095362608927,2.9587522122800465,0.5706907763885957,-0.2657972719805374,0.29315965707136205,0.24879520897065266
160,-0.5576998635464919,-0.542974989571,1.364181508555575,-2.7963411207133513,1.8362881831623692,2.8706748389123833,0.4867176225620404,1.8283525212221197,-0.4776178176276653,-0.7631135730379615
161,0.0986407722126889,-2.0413295287092934,-1.500915524057857,-2.070173494769457,-1.878261158006312,-1.5517194957110692,0.6564979406575717,0.7666446502205193,-0.10598660496000048,-0.9087777485032679
162,1.5978847358637345,-2.419511604800033,-0.18391009759934127,-3.38122631190521,-0.9290481167412444,-1.877452877590136,0.055453759228346916,-0.17107771375039296,1.1668541124867229,0.03271889023286818
163,-1.3735259163550595,0.14645205943534986,0.4087630990415148,2.4101224532312444,3.0968258964639195,-1.506695303614492,-0.5719345379730683,-1.1734610475795175,0.8258231891585723,-0.14553389943024236
164,1.5274922973400986,-2.190498918947396,1.0843169193355229,-4.273753303650617,0.2812488074938349,-1.452311851980894,-0.2673410971515948,-0.5879895205640786,-0.12981232163684606,-0.8618541573474171
165,-0.8165036048052636,-0.12409873004556038,0.2131521497101652,5.5041650235539015,-0.7689453616356074,-0.5089767522724467,0.3426465126604845,-0.08542113839388155,-1.2316252686045353,0.9999175418616804
166,-1.5459912596411367,0.12396771112857895,1.187385683676116,1.4917374828072338,2.9476624275235803,-2.7011677096956968,0.04105678785092192,-0.09264045750522651,1.2350001317575294,-0.1368680300199499
167,0.5794532261343581,0.4636843532563252,-1.1809865922448206,4.1814783901254176,-0.6577020717190368,-1.3445078697844808,-0.041912149525109306,-0.09264045750522651,-1.6787153522760097,0.5195324497889149
168,-0.2229026723552332,-0.09376139529537955,0.07688374505575686,6.120178960429728,-1.8751404250703372,3.4902433951260843,0.8119189552968733,-1.8809721301686604,2.1481306472500767,-0.01173175552299764
169,-2.4518599584968097,-0.296361135156874,-0.035957758331144424,-4.301021484049688,-1.8838681981058465,-3.024760297877844,-0.05992900398026831,0.3931258211722023,1.0711099181321413,-0.012795027238502798
170,-1.0451966389467389,1.2971564522300447,0.0402774447296356,-1.4684469660999038,0.5535101288645775,0.7694277945845657,-0.0990360978686093,1.3522506479128793,1.952023725246973,-0.15075287890698813
171,0.14130223359640515,-1.7864895195200226,-0.4582467490624743,2.4645672946217854,2.7899730110518237,-1.046682299356448,1.276384638633411,-1.5058286497330344,0.8387750293224111,-1.2581905761474717
172,-0.5935963876155967,-0.873218102299748,0.5034766726109158,-0.6781526630900226,-3.1794399692570643,-0.15778544624947674,-0.367789627762757,-0.9652637958312802,1.4250273534829454,-0.012795027238502798
173,-0.2229026723552332,2.0183598133685057,-0.4019720476797418,3.7301438080534224,-1.4462006413746622,-1.5118664381767626,-1.149549407887691,0.8070490306196478,-2.498288191793285,0.2252616946051699
174,1.1027771889049365,-1.0710770260951628,0.07688374505575686,5.209292852166642,-0.871830624315776,-3.323283413554681,1.0433785176837191,-0.05033615396441251,-1.1102376078432694,-0.01173175552299764
175,-0.7548022973754389,0.9193870252596824,1.8446065275086303,-3.869867633462879,0.14286188674728156,-0.3860640503241397,1.4146318345792532,0.5009425761254845,-0.8595547154754009,0.5703486421008179
176,0.9434307189611264,0.889092821641914,-1.4993194000580756,5.216047255043861,-0.7912403463495129,-1.6931925874178202,-1.4168565020018935,1.1014515573026684,-0.9930499694280094,0.03271889023286818
177,-0.17674448598096915,0.4509149985233883,-1.6853116525830387,0.9839146673330058,-0.7532132191010528,-0.28626808983790536,0.3183512621586592,-0.05033615396441251,-0.2990159733960981,1.3490366791591464
178,-0.7743149628321121,1.2885270476448836,0.7851014518509553,0.9839146673330058,-2.733836547956085,-0.8305636436488287,-0.6394396959093847,0.3311752153284946,-1.0042055631382376,0.03271889023286818
179,-0.21892845392710344,0.14177320197492504,0.960600300776736,4.86856163112339,-2.0262709158470518,-0.7724650244411139,0.06854605116410596,-0.1915849119714395,-1.1525660463205951,0.280022979763758
180,1.2075417448345378,0.4050531887137487,-1.5006314174312063,2.8837647013896848,4.456140037314652,-0.6591567430068969,-1.2081016546670842,0.362765728098677,-0.7564801647910357,0.5419828881477823
181,-0.2979921249284926,-0.296361135156874,-0.8139770820200141,2.067520458196518,-0.4241618080788503,-0.4825511778830064,-0.041912149525109306,0.8678326845151516,-1.6384451685155514,0.7468027837545254
182,-0.6121834074179,-0.228642709647606,0.1793982681980862,2.4307841699451496,4.716489960510928,-1.369668213049261,-0.4167986958626309,-0.7414323016351311,0.60750261150312,-0.17894182161738525
183,0.7149347738382648,-0.022469412146321376,-0.7674917757097078,3.3631563501334107,-0.4782097498149896,-3.243692673965513,-1.4955784685934892,-0.09264045750522651,-0.10598660496000048,0.8362343121996896
184,-0.35325212906225906,-0.06686743924004201,0.27819506619103795,1.624505095452936,4.623040742657971,-1.6343601264714969,-0.3715227527601237,-0.7406647302812293,0.9879515750397522,-0.5157173912113678
185,0.017955286086639724,-0.3548802710917664,-0.2886395749298189,2.263045937781339,3.8198827102957065,-0.8432089577254859,-0.17035893591727394,-0.0980895915508778,-0.07747381635825712,-1.0520002230642502
186,-0.07086389913165421,-2.1829368990450795,-0.3411927650468339,-1.2750874209923018,1.1905565763773445,1.2409766381089955,1.402445727294109,1.1447915140239318,1.3396753958913732,-0.7256128840269297
187,1.1349521960931994,-1.2581044112387585,-0.7516049207648036,-4.653100465169274,0.3569732289755371,-1.4034086662266971,0.055453759228346916,0.046586288471546916,1.4126182926396242,0.6790274180991636
188,0.9686209286297521,0.8803089873491823,0.7486508416279557,4.081461045549085,-1.7409622334306711,-2.4608886908720784,-0.985615189306452,0.4828422197000865,-1.8466527093565568,-0.4793293990879562
189,-0.5957188651347263,-2.4175842762070916,-0.606280445912311,3.8313392387308154,-0.6789679661332659,-1.0161715404330431,-0.0990360978686093,-0.7658135887376948,0.1831938919633709,-0.02277761063806166
190,0.7308243846813662,0.6083855692385057,-0.16628241037927735,2.9266920714215576,3.2230500533346573,-0.2801329066825757,-1.5032385468963645,-1.2517167776384133,1.014045411913208,-0.17131319716072296
191,0.20598963120059402,-0.9045791183090304,1.3994200458119066,-3.4055952348678344,1.7476939267011735,-0.4108354322800712,1.0225278518919598,0.018804933123305043,-0.6768240819387503,-0.37874398871313575
192,0.5171099867740526,-0.98417932636748,1.3235308362881255,-3.44938943973674,-1.577643869389305,-2.9757662251614065,-0.678471928706845,-0.538589994178069,1.2862623253980272,-1.3079331151585425
193,1.2984335581774606,-1.3829017570510096,1.664835661814462,-4.130463662968838,0.2855566538353025,-0.019745902019607492,2.044933982965313,-0.6846106738257302,-2.0022292569971643,0.2457888045688836
194,-0.6577960282254369,2.2657789004329247,-0.8493807855550372,-3.569923379264561,-0.4706133060752956,-1.5020693613977316,-0.9380231843453476,0.470420085736911,-0.2539872371666613,-0.01173175552299764
195,-1.9858679844279816,0.23957995270176174,1.1131608782242548,2.1678232375177617,3.228321634895781,-1.7873152639817818,0.4544148844204837,-1.3205671085933408,0.9954577513769576,0.10475579277764932
196,-0.9444341552468364,-0.2538433866262467,0.8850249598410261,0.6141024805732401,4.658745701686367,-1.5576741316845106,-0.12800597912482806,-0.34046023591685365,0.3901822938430976,-0.2590508414069048
197,0.6654543465925841,0.4726194785005116,0.05614968836723383,3.838831566287973,-0.4638193673356153,-0.46659570544169043,-1.7204511484088283,1.172818913189711,-2.306677533736793,0.4113048522984257
198,-0.5000861056867331,0.6854139500709693,-0.2681385056561303,4.432151029382303,-0.5956271096394508,-1.6327594221178623,-1.8699657583061635,1.6846154632717418,-1.9096661368160943,1.162552438842894
199,0.017955286086639724,0.5215623570210247,-1.1496886956375891,2.1199029687415094,3.2323853323947183,-1.2360487389275463,-2.0007640073534656,0.8397335079369501,-1.2603211138112551,0.3216183934255648
200,0.034273917960834066,-0.6003362256832646,-0.8296701696100396,5.865949406958031,-0.608663494871808,-2.019383284493564,0.5460686054640725,0.2348986529123017,-1.3352308593939262,0.2877816571973233
201,0.6174068578826585,-0.5091711309923095,-0.7318057654465108,2.867803172905927,4.357313658149606,-1.7412657729385357,0.360750425057916,-0.6645990897556475,0.20050221531578036,-1.21703901282249
202,-1.500209818268016,-0.23075589930615684,0.4815159801685644,1.0212952702331597,-2.9740482362203715,2.381030914511289,-0.5081639393750176,-0.20440160966609686,0.8698453772057698,-0.3210801335908793
203,0.4799808645910984,1.3741519036775605,0.3725321231511746,5.064485857368394,-0.39423423861968815,-1.3188486519020974,-0.6905324580420789,0.678093493896761,-1.9767794325788235,0.5932678431294527
204,1.6765696301288284,-1.014522623411404,-1.0726363698204675,-3.0319916984146595,0.5508948781731289,1.3110279732814103,0.6821205430298527,-0.0762017779932317,-0.07747381635825709,0.07528148716569108
205,1.395371737831155,-0.09376139529537955,1.3566740304476852,-4.060573858217709,0.7614288046810448,-0.16290839553319028,-0.0990360978686093,-1.0223645171461977,-1.8703887760276272,0.7900751187466746
206,-0.2979921249284926,-0.296361135156874,-0.9568163480731884,-1.6473957273550095,-3.7820474702082993,-2.8839805955589464,-0.041912149525109306,-1.3841237266066728,-0.40325483444728494,-1.0670199610123317
207,0.41665733174693137,-0.2457333830439871,0.09374685908268957,0.9839146673330059,0.04266787428030894,-1.4689807225808642,-0.2212381915031641,-0.15599577240444407,-0.06866420815826188,0.15927624824556946
208,-0.005188494353520584,-0.06462741674363215,-0.8435548348408993,3.798651511525053,1.8651761913076816,-0.28626808983790536,-1.3280074191389664,-1.4221531313148252,1.0939752266728835,-1.0123794235458083
209,0.4592412781705599,-1.443840542402007,0.6923358816354901,-0.6212374292608248,-4.4337821042969345,-2.6227449659024704,-0.7767240111583771,-0.7691262777433858,0.9106117967393871,-1.3897364346173386
210,0.3839614991315152,-1.3455223743297748,-0.2989819254984275,0.3004035722958609,-4.523593097072737,0.08845939056475892,-2.331932285023586,-0.5827744560701005,1.30432880973951,-1.4996485562504098
211,0.017955286086639738,-0.3629367853355433,1.7350849429635713,-1.5482301493559936,0.8616208922257749,2.3394567700509437,-0.4367729274934757,1.5028790958706653,0.3299273119162928,-0.8987738671400675
212,0.7769269790980937,-1.0927280142235625,-0.4979098317252828,-1.782711941477752,1.7575574089227768,3.370190908676113,-0.21008577078050888,-0.0060159560700726354,0.027468155566292854,-1.4185016384639424
213,0.07966250014689714,0.6251612010091208,0.16173624173687728,1.02159544025837,0.0716418004891986,-1.1585794869424342,-1.3738782988880784,-0.00854161534484487,1.2732154808830258,0.9949958046337332
214,-0.4547436484170869,-0.6443677907454586,0.03853039292758015,6.045002630541256,-0.3545940713271007,0.04297759850150056,-0.0990360978686093,-0.5013797907803877,-1.595956666032689,0.6856793311750842
215,1.5586758516142911,-1.7906795731274483,1.5553157188558315,-4.435800048576574,0.1871767527317448,0.7875710835293843,2.0058054102492258,-0.4859317388335935,-2.087409320663908,0.348236825886633
216,1.2928061830234108,-0.17066626386973266,-0.9880583720079684,2.000213776598559,0.0732907258625629,-0.920163923527574,-1.1680171078086097,-0.3732106410826976,-1.0183508458812618,-0.01173175552299764
217,-1.0739859199065445,0.11747209653320588,0.05614968836723383,0.9839146673330058,0.0732907258625629,-2.2172889755497,0.5623529302015626,-0.27273619070637617,0.928562490430788,0.27046949794626984
218,-0.3638263407695853,0.6182672534637168,0.8109176771039949,-3.6091720276415313,-0.2313100899872295,-1.9718183865639372,-1.0583445478050209,0.08763022275766595,1.1362500029034726,1.0363623042775891
219,1.0705458947482436,-1.143855105020653,0.11502685922362064,-4.957756493680293,0.25809020322649234,0.4321153794409982,1.4055479057605915,-0.036413665947465305,-1.7048828527764792,0.21583874096354694
220,-0.4058119052656716,0.2630742190922505,0.050554742268736366,0.9839146673330058,4.2636221647670265,-1.595953950109545,-0.21750002581401456,-0.5911239476028209,0.7327821217197117,-0.5245599000946383
221,1.234218095199782,1.809045279924204,-0.6430522621358633,4.075392035309615,-1.2944126726638447,-0.40701900399814206,-0.0990360978686093,0.9849325349388574,-0.97482086146276,0.5319182967347567
222,-1.4157389893625372,0.49128743361341,0.954849302905121,1.3209507195279315,4.650860609634681,-1.821058927097868,-0.02799152397729516,-0.24407379901570675,0.7935423121274442,0.6280072507289557
223,-1.949527249716124,-0.2457333830439871,-1.3718053181860324,-2.44035429411116,-3.397240361989984,-3.66871383249472,-0.0990360978686093,-1.5391482980458977,-0.5827971306031532,-0.8201533595598424
224,-1.7531588629221104,-0.296361135156874,-1.1622823712744217,-2.8128377956802604,-2.8874660832865704,-2.551522725845944,-0.0990360978686093,-0.7451798800564587,-0.07770266455746475,-0.8885338899097671
225,0.2508308085600453,-0.9018235360403106,-0.7934434378638254,4.315265859810854,-1.2625320888861835,-2.5506305685148747,-0.22009344869981973,-0.09264045750522651,-2.0157040808024718,0.4849005074600629
226,-0.5462071763542589,0.2406659117150108,0.00235303411563559,2.1256098965946584,4.805527948331181,-0.15778544624947674,-0.6418262655635627,-0.07597291254427227,0.3727705288576153,-0.4179253986481238
227,-1.0804139696198911,0.06301417223381489,-0.012098262593628863,2.3128821207675485,-2.331649138780392,-0.46659570544169043,-0.3762382598191387,-1.0303665853248571,0.9292069791511172,-0.05027056729516838
228,-0.5186925096645886,0.5955956246880484,-0.4187650642151819,2.553347847569655,-1.0358413048841353,-0.28626808983790536,0.7672531772509272,-0.09264045750522651,0.9069730062050348,0.897017888467357
229,-0.2979921249284926,-1.6540321048552722,-0.07532363867775467,-3.72926955828596,-0.4990842749320632,-0.46659570544169043,0.495039932615393,-0.05033615396441251,0.3703959811277889,0.6366516915821515
230,0.12290345978619835,-1.6768990221418147,1.2169971096610532,-0.3014895401883417,-4.200053702223398,-1.460291336139259,-1.1471578302195906,-0.11840592213802953,1.3197663617462974,-0.01173175552299764
231,-0.7290637263922789,-1.3777423179426207,-0.953674270069656,3.7345997678530023,-2.28258484784273,-0.5084145205431629,-0.22896955642674374,0.8412392222439162,-0.95142169552806,0.3205418361004659
232,-0.7340495681092246,-0.8289013046434781,0.16210058875791247,3.700863713018644,-2.3096899171112475,1.1650905022236149,-0.4460870873011967,0.7942347642735096,-1.2136498012025736,0.10082341539000687
233,0.3364157205683755,0.2707136111709309,-1.0449665332490643,0.9839146673330059,3.452299250464109,-1.3511827805033223,-1.1601277606165377,-0.09983527123703273,-0.7462726482749634,-0.373240063227969
234,0.07193459782069903,-0.3929045236978197,-0.4112923727270891,1.4713079582729034,4.273580436043294,-1.515820140963151,0.5499984115167981,-0.35776705429442995,-0.08990502900436285,0.03271889023286818
235,0.07320127490707881,0.5005637701139818,0.24352504861519397,5.268877608790975,-1.0331139556675526,0.3984366514529456,0.2916293191960157,-0.6448268987532161,-1.3351072112913305,0.20949620583933687
236,-0.5093573005242894,-0.2272162996609658,0.6659087896283947,1.5109331400164523,0.14286188674728156,-1.8254972435617385,0.2020629015166147,-1.0606212985622856,0.6824165099862963,-0.9295810120058964
237,-1.2374358672503971,-0.21897396569337374,0.9334772919687264,1.6691554558757815,2.9415047461348705,-2.049722013113156,0.23171919446388475,-1.6903803151701409,1.2572680233676987,-0.483284403679176
238,-0.6228949926329721,-0.2715434974778974,0.20900827362420424,1.7421388464941276,4.5478208367043935,-2.2152876963395878,-0.2944259742725633,-0.8891571689752163,1.2977405246064206,0.03271889023286818
239,0.26096760986794243,-1.7452848288316167,1.1016576428096154,-3.1252929560003215,1.972028013702337,0.8302290929054688,1.5534610156805848,0.6745172479694669,0.5280781762097738,-0.1478665570208791
240,1.0071319041253517,-1.4430224695424545,0.11502685922362064,3.775491341267072,0.15767762306008498,-1.9062758605905659,-0.5688581157237007,-0.09264045750522651,-0.2647522113731551,0.09388076365761247
241,0.7550447730933734,1.8918975825208884,-0.8114624869435006,3.5616321307822707,-1.142690644461268,-3.2017210901602806,-1.9888921097106025,1.016482897440353,-2.191095668560405,0.4432246737604029
242,-2.1955728649058415,-0.16250492877896902,0.352240034981867,1.470760066255292,-2.1783937236579543,-0.46659570544169043,0.9331838364073256,-0.6611292341790919,0.3671896521695268,0.4718340118886727
243,0.3323604941133277,-0.2850819772175709,0.4155636781193347,-3.73723035815539,0.7987949116194195,-0.6838053528833983,-0.9104618102595476,0.9631861844731,-0.02607342692310468,-0.23218145276204305
244,-1.37826871978344,-0.8633173111528304,0.05614968836723383,1.2363084371943918,-3.3761834111238023,-0.28626808983790536,0.8386655406679986,-1.1592732278964746,0.3922957811868865,0.5234679393876582
245,-0.33606820039861424,0.6049859207814658,-0.3507084404344865,-3.3793196218698682,-1.498397188634638,-2.050755308823083,-0.7016565588816915,0.5057320649921058,0.7296321446297775,-0.6600281689832909
246,-0.2979921249284926,-2.363313561497165,-0.26718469622550545,1.02159544025837,0.3652285963361532,-3.0503858354293225,1.5069106180905412,-0.09264045750522651,0.3225715230188261,-0.01173175552299764
247,-1.5146040462203607,0.06469555727360651,-0.2738691294132693,0.9312422951447116,-3.3654031223352083,-0.46659570544169043,-1.018671821364831,-0.8864284241221857,1.6236098435327526,1.4017722872882796
248,0.3736171707226165,-0.4116268526643868,0.1328153221435062,-3.140950833301157,-0.3661881239057263,1.9758041737073704,0.10785537364117036,0.5805261529287548,-1.1528976398692838,-0.8679882330028729
249,-0.042105680160530186,-0.4860499856359034,0.11502685922362064,-1.8727267565009456,-0.02590876009519073,0.6845337372864156,0.8423639141786426,0.90439968008641,-1.7253352982328063,-0.5844740429302895
250,-0.7313828449180924,-0.8066671504450558,1.2382783521734226,0.06143831502950212,-4.581859252225215,0.6398503130914847,-0.7038215284007828,-0.04013399747228427,0.9170026540337928,-0.6215358025909354
251,0.7187497781470509,0.38509350663927816,-1.3327618471220293,2.7153632546474515,2.4733577688737656,-0.7947434248140217,-1.1659898871802787,0.018410943112226186,-0.5548851781259696,0.5773767676567683
252,0.16759009776026304,-0.5179461720635771,0.8264259378021143,-3.2386622239951404,1.4795031731656978,-0.46659570544169043,-0.2722057620112487,1.363862481274891,-0.6305802283362613,-1.190546772518695
253,-1.0471916027430843,-1.7687528788179314,0.4223875343282199,4.6494978692811895,-2.6363673191830936,0.05860054742767599,-0.036193937790155416,0.6475378541757147,-0.8413899957232868,0.8913516406110202
254,-0.3017030471948985,-0.5459010688176641,1.7117683798000596,3.5543412131853813,-4.003148702070053,-0.15778544624947674,-0.0756230774731034,-0.1275407911733708,-0.7529500630962404,0.5692939263380535
255,0.2462557269358651,-0.1682425973574519,-0.933163025596112,1.793884595657657,2.713186400453937,-1.2566198173172969,-1.4217320677106855,0.3377730457640419,-0.07747381635825712,-1.3237394361811563
256,-0.6276784082093321,1.1995812197405231,1.397356114096678,-4.39690786184321,-0.02319358226546047,-2.136992313704253,-0.5332839052349438,0.4085746888534073,1.036319089306133,1.2258615855231365
257,-0.2866709914213699,-0.6517379645791538,0.11502685922362064,-3.672772975097743,1.0223669064447225,0.7742105447576293,1.2140670782293486,0.7321425476169193,-0.929909914750664,-0.350700196584345
258,-0.95033324969611,-0.8539609490042411,0.21367211348423135,1.493689956168449,-3.3744412760151947,-0.15778544624947674,0.08328640397408606,-0.2940609006637322,-0.14774752707065608,0.2522971265387582
259,0.017955286086639724,-0.22417188577475594,0.3918144276229567,1.9121129514368915,2.0262289459572007,-0.15778544624947674,-0.4892090468518106,-0.9096555405812816,0.6179043596533711,-0.3721991461239241
260,1.3189654015555352,-1.1104573337967445,0.05614968836723383,-2.686955557895992,0.08727903426383839,3.147994117812621,-0.49256313011069497,0.4338318355212378,-1.6179490989709937,-0.6408495916390121
261,0.5046981844182596,0.8081760368585988,-0.8789549900361555,1.5876578116439897,4.580799730998785,1.1437935836558404,-1.4089897355874124,0.8954390755778721,-0.8827107073811549,0.6212934328248806
262,0.636209415218205,-0.13081770824307234,0.11502685922362064,1.9735600639829556,2.65548223881879,-0.7849466706389535,-1.440585576530479,0.5705093255641392,-0.3930484885515612,0.0642431853257435
263,0.3535325880353964,0.6581958200016897,-0.9211075086069938,-2.4270111983705767,1.2612175297944954,3.307615585543328,-0.230572017051158,1.2771375659242241,-0.8543368374173516,-1.2953901935219445
264,0.7302417173405353,-1.430839259825722,1.5377706764263566,-3.928447119800917,2.118960490429456,2.7625594502034065,0.8016175240703977,0.5846842856730153,-1.7466249363093018,-0.12007961166241855
265,0.017955286086639738,-1.6389783679111158,-0.4115773509889769,4.657243735291114,-0.0797659306994569,-0.9116896729926002,2.0101156071104773,-0.9129125393518072,0.1579714019977975,0.010344482307981823
266,0.2332422712142533,-0.8528099066094327,0.11502685922362064,0.4485349900676893,-0.8679273991451595,0.7035717916798744,-1.3575909826235883,0.5882991955544544,-0.10598660496000048,-0.9419573590304784
267,-0.3057529478317997,0.9392683578768152,-1.771043613228251,2.0761884056943685,-1.2399598642966028,-0.28626808983790536,0.025050994622454588,-1.8137783898986384,-0.4231179031178125,1.388747531285007
268,-1.1086413495395142,-1.6170275302597987,-0.8685643590971601,4.434460795620027,-1.599435153030335,-0.46659570544169043,0.28504710444312803,-1.0275434142484101,-0.7288579831115076,-0.012795027238502798
269,-0.7370357451453459,-2.3474113550577216,1.1757568630212003,3.629077871227401,-3.203360790023518,1.5377361256018334,0.495155242828446,0.5250574630157989,-0.07747381635825712,0.39728719437937865
270,-0.9111791960770156,0.5383640666537588,-0.3523920099377081,1.087279348030985,-2.9420353077471817,-0.46659570544169043,-1.3564284387760868,-1.954548223615469,2.2270800303485028,0.31785912032570546
271,-1.1326358297306058,-0.8402628499724385,0.6011989223900195,5.396108711060752,-0.3142509849997812,-0.6842645470972614,1.2457515432655395,0.02540685485684844,-1.6448543868844667,-0.012795027238502798
272,-0.06056075790435059,0.008012453663876281,1.0032703693983618,-4.067965316213646,-0.29279078928314745,-1.3963670144634424,-1.6661070233767157,0.8131008918247535,1.5529270870351874,0.4076055762981971
273,-0.30471678494709004,0.2507212206850487,0.4242306156397788,4.619354319778663,-1.6606866679830512,-0.6002039080995228,-0.0913553775509868,-0.12142738534474533,-1.0570009268003813,-0.1455935514103938
274,-0.2979921249284926,-0.8970292508070392,0.11502685922362064,-3.304278699164127,1.3515407478247383,-0.46659570544169043,-0.8960632114002149,-0.09436359041790604,-0.7179990684333076,-0.6258102618417166
275,-0.37223489007832217,-0.352765528649966,-0.069079483802306,-2.7169300197131974,1.448482956417768,3.1458242509298024,0.19610597604135016,0.9692386547051556,-0.3323117278236732,-0.012795027238502798
276,-1.3913427546695758,-0.296361135156874,-0.5738566160207308,-2.179272069138765,-2.861930801008705,-1.503486243413751,-0.0990360978686093,-0.5949016907533283,-1.2971506531644783,-0.19847066657156434
277,-0.3766922436991654,-2.3741369981851816,2.0213390318299824,2.478358164271074,-4.088663531699991,-0.8405784026556089,0.8268124122036762,0.481491144311992,-0.9402643746583144,-0.7012339223973464
278,-0.7104610894039719,-2.8737463773171075,1.1150366280070276,2.9992023526798626,-4.326667525414185,1.6194451137579726,1.316172268638604,0.03299530595969955,-0.6020447117725267,0.4200674086916773
279,-0.9127809461937826,-0.8557299626087506,1.07047041169794,-2.8062730682335477,1.403116853150265,2.6942999075554925,0.05545375922834694,1.0652545052227942,-0.6548873349744356,-1.097030618074609
280,-0.7815983362383153,-1.4514838775499206,-0.6511851606962666,5.199465157501268,-1.7937508389373498,-0.6219008479533374,0.9146317129053358,0.5526840049900732,-1.0491900766682392,0.9791110998218172
281,-1.1424993182538392,0.17120805017556048,-0.1368514275257395,2.2453400040849893,0.04266787428030894,-1.3008474870690487,0.6795369942676039,-0.5540481302139656,1.1924816944014829,-0.7967423672442089
282,0.24985885049478584,0.09634568931059767,-0.6567033285288822,2.437700982614228,2.6402969358155683,-1.8884382014593784,0.10848445831407999,-1.09555627875179,-0.7135301718614458,-0.12331904411003787
283,-1.520171153820012,-0.296361135156874,-0.8136440979974592,-3.1562837454944437,-3.2951452015738183,-2.622183292827409,-0.0990360978686093,-1.0877916917026602,-0.4029171339994378,-1.1397351400097315
284,-0.2979921249284926,-0.296361135156874,0.11502685922362064,3.9413983037700415,-1.2881418039857613,1.5131186371673222,-0.041912149525109306,-1.5394612986902432,-0.02135865566459764,0.6464861118052062
285,-1.1257921247559322,-0.2457333830439871,0.24505491666719925,2.6512129661479324,3.3457670254838265,-1.6807698070726809,0.14481320695438007,-0.9432579124939874,1.0233569239833409,-1.0929005819612967
286,-0.2979921249284926,-0.296361135156874,-0.3746863091539498,-2.3655526640834577,-0.6878017751274301,-0.15778544624947682,-0.6890329374289654,0.8757785815386246,1.4059877367247615,1.5240426206065312
287,-0.2366395722250933,-0.3574583713622779,-0.4517086361903243,2.6182717824977457,4.122176464520827,-1.341590432017064,-0.8107357024594901,-0.08996380283028893,0.22944222316417884,-0.7002525423390824
288,0.8237508810073921,0.7493243499319668,-0.4953682131782832,-3.9514097926490295,-0.8900693735393405,-3.433342195807698,-0.3625533889183331,-1.3157798951092612,0.1953791167713779,-0.012795027238502798
289,-1.119070700947265,-2.580106406231351,-0.09936201936747846,3.840743716674881,-0.7362287397347753,-0.18950652332712592,-0.0990360978686093,-1.4809944438014826,0.2287983029369845,0.3403465256911604
290,1.9458714574470999,-0.296361135156874,0.07688374505575686,4.967874929939052,-1.779720552667759,-3.458840167730544,-0.041912149525109306,-0.05033615396441251,-0.10598660496000048,-0.01173175552299764
291,-0.9824913487238532,-1.4734710562277007,1.035766677586149,2.6458628521840106,-3.2408973126977583,0.8188623364228004,1.6569181278958491,0.31731614445477296,-1.6578628488183662,0.4681981347964202
292,-1.0730155186884358,-0.797245868529582,-0.22513253877318945,1.9745503229910888,3.042585066384924,-1.6093527086323458,0.5927424526355757,-0.6319127924617689,0.294618927855958,-0.4459644970826652
293,-1.0437645399570248,-0.6403100365636077,0.11502685922362064,-1.6980832092408775,1.3049093778282344,0.2487163339982097,1.1669343733087938,0.22986159737912146,0.18346779999948748,-0.6137427592268254
294,-0.10010004624533636,0.1423053313843966,0.4963298706551675,5.304827078947508,-0.3462642839069546,-0.8101348258584511,1.3599657097490705,0.2746462595931674,-2.4204649062133843,0.03271889023286816
295,-1.6046895728159905,0.4928564890892525,1.3227409352179669,-2.684797380556929,1.6393152547071317,1.00642472229189,-0.18201656270569147,1.1146839869104672,1.229932145877983,0.3002836810916815
296,-0.09315550669150467,-0.2457333830439871,0.05614968836723383,3.050772591584183,-0.029365233757066487,-0.28626808983790536,-0.044235897156058065,-0.05033615396441251,0.7423910521850383,-0.012795027238502798
297,-0.011005789305124624,-0.2457333830439871,-1.3289024802335978,3.3699667097610595,2.760450649319386,-1.862209612229324,-1.3724625992170738,-0.5656394093525052,0.3958670583659298,-0.4567587391286866
298,-2.433263534695416,-0.296361135156874,0.5495231989656406,-2.937730598608334,-1.687299404592298,-2.2995138603841103,0.015183824052618719,0.5643161215868903,1.0283994914877046,1.3522112770405548
299,-0.3987649597436648,-0.3661772085573725,1.688248784449874,-2.4009274629232182,-1.9869846826246789,-1.6807112086220952,-1.8220493858601408,-0.07132593387275794,2.336721021341184,-0.4464168741529298
300,-1.0446769669502047,-2.4824557517142334,-0.37018252675946617,2.679992908677243,-2.6811938489388685,0.8246828572566955,1.7326757240213768,-0.016938632387535534,-0.1406125990321955,0.2600680495861913
301,-1.1111076590675375,1.4326120911840043,0.7981114938041014,-2.0522746721384464,-1.2203631794040564,-1.6180711628051578,0.055453759228346916,0.2694896719540525,1.3855569029091364,0.8000265801309268
302,-0.956927740521282,-0.2457333830439871,0.5537784394793782,3.3839383768094673,-2.8573455683117284,-0.024543043743025773,0.22956968067575395,0.21278087349599067,-1.1070495979311157,0.3306155176673813
303,-0.4017732900676955,-1.139632901009149,0.11502685922362064,3.0202268484884627,-3.6310777928438256,-0.15778544624947674,0.2449568692701622,0.4321781985763959,-1.4929688102017749,0.2232303566766766
304,-1.2441830491888353,-0.09376139529537955,-0.6225567683348878,5.60584744543792,-0.2387278951367135,0.2819915076281813,2.2371580878758928,-1.056590794607795,-0.4777682307938039,1.0382578926908241
305,0.4711965354141896,-0.04240485756403314,-0.6943791886767272,1.6734506979611738,4.504619694375309,-1.170584964403974,0.1432361057332818,-0.7675403162629136,0.043868219480707474,-0.16646636980153154
306,-1.4935041293657785,0.8238247047648544,-0.19125055234583813,-1.5207877837012211,0.031728519071539237,1.3838197114109039,-0.15377638540355604,1.0041065936917712,1.0905527676252649,0.03271889023286818
307,-0.7605141645435749,-0.6905359405448074,-0.12575295521857247,3.171035424671313,2.172253383101012,-0.8230339278480951,-1.2849633920739976,-1.25244188117402,1.4679366066540072,-1.0202649965011006
308,0.19323806437557334,-1.4328197133104998,-1.1082049981638578,3.668109707183212,-1.3123588405944329,-3.806491542230388,0.4064835868703948,1.0903572391750338,-0.7030877844507216,0.4018892193514621
309,-0.8184032283497991,-0.06617650619798457,-0.3338053330185433,2.473207251483659,2.8351755769300753,-0.8564008895796172,-0.8717751731108278,-0.2777413810844893,0.8746834792089772,-0.9498516978916902
310,-0.619374155470927,-1.2403614584398934,-0.6270329683499202,3.9970794608351423,-2.3834936667513857,-0.3402938307176863,0.020246998681959803,1.1733861680324478,-1.7295384766191677,0.03271889023286818
311,0.8929840737280842,-0.04389790944641783,-1.1774482239511588,-1.7761140770079953,0.4509019881699226,2.643981635580996,-1.2023459112674428,1.4556176556848128,-1.2627891504200357,-0.012795027238502798
312,-0.6890715762571377,-0.7957420130954542,1.6054727537110005,0.9839146673330058,-4.693646434253434,0.472694158824228,-0.7762567186263577,0.05481691906804293,0.4693893568272052,0.1792970150250576
313,0.4839482080919842,-0.7753787243727902,1.7421257555523184,-1.1805441444146378,-0.4620503236484453,0.6202730403947281,0.26412147011414194,1.2165330848703504,-2.168618879100033,-0.7839654228088763
314,0.016858765432712034,-0.7130808900959782,-1.015435900392519,4.3574294883504185,-1.8316709512684808,-2.026827925701061,-0.5303842258829004,-0.09264045750522651,-1.8549992151818224,0.4843542613618088
315,-0.2979921249284926,-0.245733383043987,0.07688374505575686,5.7212268327981635,-0.2561457106228295,0.7790504404998098,-1.2042860471244965,-0.3469292735232021,0.3574432462765781,0.7364282532884048
316,1.2713942934873286,-1.0731024087532062,-0.03873675330121207,-3.2833734854287147,1.1248880967654291,2.5773397871634973,0.04022873045203381,1.0833145509077389,-0.10598660496000048,-0.040865693569153885
317,0.2120683495798074,-0.4305319795376905,-0.7392179794803108,2.7675254418618063,4.228533143471449,-0.12513962178780885,0.055453759228346916,-1.0862809579566322,1.371263619523931,-0.9257333545890728
318,-0.8875120386029599,-2.1850130560242205,0.19451242410012926,3.6025187001507235,-3.258136257804716,-0.15778544624947674,0.9011212813065104,0.28099835279844304,-1.047320961359936,0.4253106959082749
319,-0.2979921249284926,-0.296361135156874,1.0610652900939368,4.644474909515801,-0.4795932035078854,-0.9351741599151608,-0.7473836707545527,0.5507841697780476,-1.7693209578910607,-0.3925358481334236
320,-1.3225729168197782,0.06133963454824455,0.7716508973367796,0.4180647881403685,4.085154931671221,-2.1775612275095466,-0.25940909203425605,-0.5829022159439577,0.7389033888440936,0.8615822072980169
321,-1.385936694174245,-2.5378925142459847,-0.03619080387971518,4.611630557969431,-0.6419123762166246,0.6228743551112966,-0.041912149525109306,-0.3555865513343698,-1.074726717285745,-0.012795027238502798
322,-0.7906542010969663,-0.7185004958412858,0.5842930000344466,4.229248267876169,0.1428618867472816,1.318713142239292,-1.1267931954483037,0.23453850400160406,-0.28898985877350136,0.7411064217971193
323,-2.3467551446696,-0.296361135156874,-0.1409778584606385,-2.5733068320534054,-3.73585795112282,-1.8794657092799871,-0.0990360978686093,-0.00854161534484487,-0.4699120239906357,-1.1277470555845606
324,-0.04260985202112756,-0.5865591341306793,2.09906648028136,-3.353252688815826,1.3920955872416976,2.0660519874926595,0.5553291970137297,1.5528499426587818,-1.2744211315519025,-0.3525733645943889
325,-0.7513596469843291,0.7404294689847432,0.17074032721359353,2.041375772628153,3.71568624318654,-0.1840822915780651,-0.14323091638701524,-0.05066855663599557,0.666110033667762,-0.2602472307116184
326,0.561147674108261,-1.0923435313854064,-1.6089165341495335,5.501100828028443,-0.5819016522339018,-1.8079889023673024,1.322511056941316,0.16192390130629505,-0.8854469278726271,0.1415088982187685
327,-0.5451215464025158,-0.3643925288767287,-0.6116590362330381,2.4968628124610484,3.19617459484615,-0.15778544624947674,-0.2838468219087546,-1.0794231918628299,0.08833809004392082,-0.6788379154415872
328,0.1487109391786368,0.385158681761956,-1.092814078633356,3.7892153620477576,-0.9694412724054318,-1.3852434035882073,-2.0432901660593794,-0.09264045750522651,-1.7007049033931727,0.5348019487352718
329,-1.2041620739493948,0.1528813061654689,0.1875945647853192,1.5024457792183938,3.661664960759663,-2.2163237047435227,0.04393907516763961,-1.8342079038093384,1.2002619900526514,-0.5626645706288045
330,-2.6145095393279334,-0.296361135156874,-0.7450918394018475,-1.8824974839241724,-3.680068699575601,-2.507959201993207,-0.0990360978686093,-1.5870497274186672,0.23963162995773496,-1.541889915768359
331,0.7923548187159709,0.8788459032632443,-0.47060074105883704,4.663438648287803,-0.7968909938428135,-3.638766260747009,-1.039257189441068,0.8898453181628238,-2.0546328043473028,0.034634237741789003
332,-0.7835695578453574,-0.3919579210386929,0.9286793315663724,-1.8127583030592358,2.894666539950125,3.2606712303717966,-0.3306060472741765,1.1268306784649915,0.2334578288181984,-1.0652324744073765
333,-0.6855976957262238,-2.0946546414096807,-1.0165572050254723,-0.2302046620106621,-4.131617557057516,2.507718306900668,0.4406219935617313,-0.6473004481263663,1.3906500098440215,0.5488417206802041
334,-1.727756577685834,0.2723145703197043,0.8955097446090758,0.5060896126659032,3.513914378921861,-1.9375670082549263,0.4982024341550427,-0.6173428398469888,0.8773878403641888,-0.5348481433015831
335,-0.7919481447969209,-0.2457333830439871,0.3969407542022259,4.429268931417304,0.14286188674728156,-0.3012135283457041,1.3169311569648237,0.2510049731507729,-0.07747381635825712,1.163728342966842
336,-0.009149937029537302,-1.0406876913624163,-0.8481093037234471,3.5425261343356973,-1.1316156172778469,-2.4464877550713693,-0.5399160805672667,-0.09264045750522651,-1.0400559693617124,0.08502457715185932
337,-1.3550330056388524,-1.7859368742915172,0.8975915765055792,3.9396547457946287,-2.84440807837556,1.2971446997849088,0.7150978558142381,0.11452461557799495,-1.075101948951238,1.2972264396049578
338,-1.2381766309303677,-0.8197790585142252,1.1247240390497983,1.5075007160184914,-4.073511342774393,1.7710893599742643,0.39110197228560817,-0.9167348653937684,0.3885781030637063,0.01841810053431813
339,-0.21903668990557051,0.7417032144019952,0.03377242532294288,-1.4771199093707057,0.01210549878714099,1.2840427408535406,-0.041912149525109306,0.12952401784355858,-0.10598660496000048,-0.06136119727269105
340,-1.0589980264676673,0.037990977052300715,0.7233006224363617,0.17893837739767365,4.370850550492111,-1.7868795465861151,0.8254765807734691,-0.7905363298850374,-0.004745712621643212,0.38448467859333263
341,-0.2979921249284926,1.2013451929399834,0.11502685922362064,-1.2923643252941754,1.3521221626600088,-0.46659570544169043,-2.0058500734315543,-0.009495379395382829,-0.6209581567250918,-0.7182514632025071
342,-1.3239754125206582,-1.5587357704236635,-0.05182519190673599,0.9839146673330058,-3.1278908648914503,-0.46659570544169043,1.158907699954928,-0.7518862652487605,-0.4767256868230164,0.7311931187768875
343,-0.08551449091508044,1.458920679501926,1.0005038959045278,3.0536142492974,-0.6755592107114831,-1.7810074471766562,-1.8696157501756108,-0.09264045750522651,-1.9518898347396043,1.363324888197768
344,-0.9648187787955218,-1.1448168015503566,-0.01220792684368932,1.8741262569009465,-2.7204189949921633,-0.28626808983790536,0.5746247038404901,-0.33836516617667106,-0.14758777398075984,0.35391328738789796
345,-0.21149272270649835,-0.245733383043987,0.4969907384858894,-0.05202948352220885,-4.479796420450833,-0.15778544624947674,-0.7934802865362334,0.3859999017048481,-0.07747381635825712,-0.012795027238502798
346,0.3252978593104192,-0.5690146566290208,0.8456548827892334,-2.4124347910266244,-2.1036038110016,-1.920642391847873,-1.227661218765965,0.44179658568137614,0.7464445472712804,-1.5413742920867235
347,0.3713712052272129,0.8396193437578556,-0.17750693225593114,4.990965388800124,-0.9887424068389744,-1.1565574739104798,-0.8626252289589165,0.7628750911469326,-1.922698385482682,0.2391777262828257
348,-0.361920169667177,1.0847500706043178,-0.5115415430815647,-3.734850379005852,-1.0684086328429194,-1.389673125166489,-0.4433770863571456,0.4475987496526846,0.039067729742835115,0.6422456639766233
349,0.4397972564603696,0.07915574749223209,-0.3681687584185165,3.5712041720532612,2.593835130041894,-0.3177960128925574,-0.9127882792065514,-1.5520757101469933,1.2019123527375202,-1.0424070101562355
350,-0.2229026723552332,-0.09376139529537955,1.64090518046308,5.546539829742691,-1.8692910368516724,2.545926832730085,-1.2156263664917166,-0.6514762615829981,-0.07770266455746475,-0.01173175552299764
351,-0.2229026723552332,-0.296361135156874,0.07688374505575686,5.8852883078851175,-0.5198998442317635,-0.46659570544169043,0.055453759228346916,-1.450989726156909,-0.4161423587690655,-1.020780303511179
352,-0.8674054355559857,0.1544324520086079,0.24952868573909184,2.4347095816640474,4.092849293733296,-0.6968078299130661,-0.5475644142842598,-0.40487678996410204,-0.07747381635825709,-0.4615046940911665
353,-0.273138537100662,-0.296361135156874,0.6013838050661157,1.8764020001704396,-3.8114459819387903,0.3418582335087858,-0.0990360978686093,0.3070074951478809,0.1869726268377499,-0.0851382012697183
354,-0.7532427630530504,0.18712368191250656,0.7154250124577385,1.7540974009554768,3.784865240756024,-1.0241926849223866,-0.6516477788592383,-0.1574671828623916,0.0355370616513708,0.3063366732454895
355,-0.650761993045421,1.0601484571822,0.07688374505575686,2.3508739161231893,-3.358906480226868,-2.4265180687742847,-0.041912149525109306,1.2460935670886608,-0.07747381635825712,0.03271889023286816
356,-0.24871761800894054,0.1924391777055304,0.11502685922362064,1.2858033546835264,-1.3834809268706338,1.905844637343008,-0.9668735059417992,-0.4754005929289754,2.0054719726361334,-0.3737891313943357
357,-0.2979921249284926,-2.5625078277301747,0.05614968836723383,3.511224263353041,-1.7802264577278488,-1.6533235969536706,2.1946423655861707,0.2240573968182776,0.22893372640566845,0.3692194282288205
358,-0.2979921249284926,0.5865528388925956,0.07688374505575686,-1.4019860488268348,1.0861782068337142,-0.46659570544169043,-2.3020127341098044,0.3973191629002691,-0.10598660496000048,-0.036466601349753235
359,0.762380207644115,-0.9362484003728718,0.8458182574966286,-2.951451789371887,1.2523144897359484,2.8109282654929113,-0.17571886421712524,1.2723260518099129,-1.5432092307438423,-1.2387700213346922
360,0.182525455386584,0.0919546502926472,-0.2863958174831573,1.8006725274828348,4.364945508511391,0.12800331574028864,-1.3820441671356432,-0.08217216759315593,0.09160668950128367,0.029972660742232538
361,-1.5110669861691086,-0.8038690695862157,0.6709535562968327,2.534637419169346,2.1480158783783074,-1.951903407519315,0.6928953974821889,-1.224220145502205,0.5221620668671834,-0.4402447538691763
362,1.1452239828366466,0.8300660046338328,-0.4831009473819758,2.5931446660455704,-0.5869813851722163,-2.6052858548540487,-0.041912149525109306,1.3636051791882562,-1.6308550550248826,0.5207388287905365
363,0.4952417089230172,-1.361732199444339,0.11502685922362064,0.11656869988129942,-0.8140636670841735,0.3993141151184513,-1.3416031409775298,0.4629134748441514,-0.10598660496000048,-0.395315407746096
364,-1.8461428267861804,-0.296361135156874,0.05614968836723383,-4.207998177273985,-1.776963495011297,-2.0457478144050563,0.05545375922834694,0.3562271731390059,-0.6922727669076835,-0.9206891706005432
365,-0.6368924808304969,-2.5144155219417796,-0.5030285419756213,1.1694361671132307,-3.996606419320428,1.8041981821485176,-0.1397645008708036,-0.8843108766959129,1.907014484591938,-0.5406687663150471
366,-0.6080007522084839,1.4090408544119148,0.24912808892856134,-3.2905032354848744,-1.3322573875874422,-2.2247740154373066,-0.6307487792349276,-0.3954584320940047,0.2669512772515336,-0.012795027238502798
367,-0.2979921249284926,-1.851652221627476,0.11502685922362064,-4.1666534559698585,-0.2455980201377023,2.7683097127568512,-0.8964352507019069,-1.120855627439135,-2.1242212494591874,0.03271889023286818
368,0.023488508637529985,-0.296361135156874,0.11502685922362064,4.756614881221388,-0.7858248056261694,-1.4547703349595196,-0.041912149525109306,1.7332949623704397,0.5976670161854739,-0.012795027238502798
369,-0.08373805057694897,-0.870823326987101,2.0152451596038787,-3.2365363895814934,0.2693922439671165,-1.3527668413298342,-0.7509739113229462,0.22378495267105167,-0.07770266455746475,-0.5456044498115891
370,-1.5651807968124505,0.0006907374681581662,1.0577690162953026,1.618953068524151,3.299728764282248,-1.818689214887488,-0.2621339902814207,-0.9539859287315272,1.5483846049722572,-0.4703310943087081
371,-1.1580014438232065,0.31556436946269684,0.8120210403702879,1.6362271350869908,0.0732907258625629,-1.5317175642344498,0.18934105793284026,-0.2633994675056249,0.9334185857659384,0.6427494393695443
372,-0.04779603453042781,-0.2457333830439871,-0.6043249743650267,1.769033893651181,4.0584821914392535,-1.7883990236535223,0.3927977973680634,-0.7675019834697027,-0.2895163374714938,-0.02330704871728374
373,0.8079457737326683,1.12429507695003,1.2154948775674568,4.330274397279627,-0.8715597350741849,2.2275782137086626,-0.0990360978686093,-1.5181849385435342,-1.9887475820322091,0.6987550880213057
374,0.6684403798924978,0.17473825500352974,0.05614968836723383,2.4390915585049817,2.68614770805021,-1.1712597759288328,-1.1509762352921378,-1.4645016724272284,0.4273407774821471,-0.012795027238502798
375,-1.86865768360542,-0.0038024577837997525,0.8950135615797606,0.6459495758111008,-2.9144183610280714,2.3507666260727063,0.3144746962483239,-0.2238032475347563,0.7748867211848959,0.3232722144677399
376,-0.9210125469160992,-0.06133190777719921,0.55272623600656,0.7247314942407653,4.594341052868577,-2.252390722207525,-0.0194437546305771,-0.9191629062675478,0.052871064889067385,0.5200421704800929
377,-1.6693826027762613,1.5902077046493048,-0.8978714116179464,1.8051334540595043,-0.4487629868146784,-0.28626808983790536,-0.07102290496796529,-0.09264045750522651,1.5890208793053355,0.03271889023286818
378,-0.5659629056073697,0.11164779161424926,-0.5383833577215574,2.2834333883807765,3.909983605087641,-0.15778544624947674,-1.2475710656652037,-0.026378221682935743,0.14465971700335295,-0.20384831892216596
379,-1.3856033489815107,-1.1070064883606232,0.5668036202633667,3.522266735328299,-2.4067652541781355,-0.15778544624947674,1.1633957103634065,-0.3290254677470757,-1.0559411895301285,0.7395862157385605
380,-0.5811864198863096,-0.7043837072863247,-0.06677376795225379,2.979464515155973,2.781357097566027,0.006985251264707957,0.8088142710597558,-0.9314233602269228,0.29334221380057635,0.03271889023286818
381,-0.2229026723552332,-0.296361135156874,0.07688374505575686,0.21101980899244,0.14286188674728156,0.3224338817958127,-0.041912149525109306,-0.05033615396441251,-0.07770266455746475,-0.01173175552299764
382,-0.21137387226933965,-0.296361135156874,1.046026007296261,1.8215306294159688,0.14286188674728156,-0.15778544624947674,2.104336553624663,0.3207948390696093,-0.1746177344378035,-0.17851374902855882
383,-1.2889564977499035,-0.5739959983364943,0.05614968836723383,3.375358981955244,-1.6648296614617035,2.3830561876006486,1.9936569603437009,-1.1010412048526717,-1.346533323571289,0.9977881910843888
384,-1.4224014968083545,-0.296361135156874,0.4792786674741617,-4.035071342330308,-1.0256944928620426,-0.46659570544169043,0.05545375922834694,-1.3105661472851724,1.146939154936567,0.9792295741180598
385,0.8241856156723479,0.28829639947516444,-1.7369599186152611,4.3134257080171805,-0.3985236455124603,-1.3133893034178254,-0.0990360978686093,-0.09264045750522651,-1.681116821739965,-0.15388698058614755
386,0.43803708746003256,-0.2457333830439871,-0.8410437693144034,3.311692339716621,-1.2913674620531197,-2.7605172811025147,-0.0990360978686093,-0.09264045750522651,-2.32988908032719,0.5643037581610774
387,-0.2229026723552332,-0.296361135156874,0.05614968836723383,6.590581978116672,-0.5155671784873093,0.8675976475806679,-0.0990360978686093,-0.5382840543927241,-1.6306197767579342,-0.753803293603836
388,-0.2229026723552332,-0.296361135156874,0.11502685922362064,5.6102693849543295,-1.215841244305438,1.2344759830123602,0.4800657512726194,-0.4266273854418131,-0.42015336708488504,-0.7571940822132166
389,-0.2229026723552332,-0.09376139529537955,0.07688374505575686,6.881072122343947,-1.1171171257587618,1.978490834918704,-0.041912149525109306,1.3294800988320463,-0.10598660496000048,-0.012795027238502798
390,0.2579839568982541,0.5857146220531018,0.07688374505575686,-3.3962141957037093,-0.7657252202594331,-2.71573617511494,-0.037845296997325854,-0.8933807717055167,-0.003220252169226304,0.03271889023286818
391,-1.5183796287002038,-0.296361135156874,-1.7381949248728714,-2.281948725656537,-2.070545880051145,-2.3965750269021453,-0.10002880405291546,0.6417743190192232,-0.20940893700396807,0.02203303875401228
392,-0.5567121613819902,-0.5733779629959656,-0.4491263045347522,3.0193069981164484,3.306441116538859,-0.894774911115436,-0.4930177682410583,-0.8968186047984247,1.2233301106001817,-1.5402094420071593
393,-0.92357472934752,-1.8658463646365,0.11502685922362064,0.51705502206042,-2.5794564884848588,1.1367991299658444,-0.057166050847283524,-0.5380519870561237,-0.10598660496000048,0.26035555637666896
394,-0.01807983121333092,-0.16412435096947992,-0.5162267149998256,0.9839146673330058,-0.9642937830135564,0.04958415204526246,-2.155370455499064,1.4899023548916042,0.8550286227586404,-0.5709839212053476
395,-1.1814898645259737,-0.5226857415705151,0.5131581041670714,2.9918683845345115,3.138564644687912,-1.6743293058441002,-0.030505534034185513,-1.0602457946382722,0.962322716259404,-0.8877507024857599
396,-1.2939104154332188,-0.4591795973925099,-0.08007234391462695,3.058894688651957,3.0865779181108333,-1.3344353904551909,0.08662056530003014,-0.8466723695167591,1.0029905492031979,-1.2294362860105932
397,1.7256402621394098,-0.2457333830439871,0.8120305073756048,4.4523752660212335,-1.3670380458392926,-0.3311093479573676,-0.5754732971334436,0.2932701664351262,-1.7588490062434736,0.1836314995833434
398,-0.2746324514508538,0.10304636720728738,-1.8501101375474305,2.6217835741655406,-2.3738911527747817,-0.28626808983790536,0.1148544524294358,-0.09264045750522651,-0.20245360988130132,1.1811573564707651
399,-0.2979921249284926,-0.245733383043987,0.07688374505575686,3.2747796102834443,0.09807045751252068,-2.262994054874773,1.08841922203684,-0.05033615396441251,0.7790936297351657,-0.01173175552299764
400,-0.4569882420865765,-0.6591562957201005,0.11833404350235525,-2.9087256283596283,1.5565658811302483,3.049752027839017,0.8663528253321359,1.105761636553354,-0.4549892092507367,-0.9149698294661002
401,0.06431763966715738,0.364628632927092,0.0606384528627849,4.484953779922515,-1.9298038985483097,-1.5865013553455465,-0.12718701310133934,0.5220373314524075,-0.07747381635825712,0.5615158202483523
402,-0.0940077895743431,-0.03776350249444744,1.8045348063423798,-3.1469214479412995,-1.789074343678199,-2.8525785604147558,-0.6675648360436109,-0.8492025800935662,0.9534470676618368,-0.23097764337299714
403,0.3335223664262079,0.07414241368997304,-1.4163655963357067,4.376028784931487,-0.3152365109083517,-1.9216089390922768,-2.008330032933407,-0.09264045750522651,-1.7566179952906888,0.3766019746815258
404,-0.20078797782098212,0.5431066673981629,1.1367810508616156,-4.236530169732201,-0.457488314080408,-2.475202372501333,-1.20178674378741,-0.00854161534484487,1.3743959320434325,1.073264861738833
405,-1.932147772836574,-0.296361135156874,0.42392115710066736,-2.876846666857736,-1.6673543130122417,-1.9229810357243904,-0.100930143131027,0.5591027991146532,0.4850163483349039,1.3666496581939924
406,-0.7522712556652126,-0.3941290275114107,0.12359668259579044,1.854031740437055,3.6555654008775225,-1.5157029065017995,0.40895519625611454,-0.7691449829136122,0.2881769839821326,-0.995702175122344
407,0.2017022191258624,-0.6002835561339648,-0.7233725149266886,2.556023440188373,4.839582976943513,-0.15778544624947682,-0.007586266154672666,-0.2125385912678978,0.3339859542887042,-0.2515912870530971
408,2.020471289664437,2.9390222251484435,0.058266083496928425,4.424771639381018,-1.6002564969299893,-1.0751129434334694,-2.0052136539011265,0.6776309899011892,-1.237666659470472,0.03271889023286816
409,0.6033120018485603,-0.296361135156874,-1.4607833754344688,2.8153757046758123,-0.5532762450138248,-0.9605670492923296,-0.041912149525109306,-0.8957512320633162,0.8098152416290723,0.19950836341821498
410,0.06887231085600444,0.07998435964679262,-0.5918677727040369,5.720645972966714,-0.6152074454104607,-2.201025213214123,0.8613373051947021,-0.1953582462612511,-1.3882513012957318,0.2504717950627052
411,-0.6721422241410202,-0.2302789989550275,0.31500353872069586,1.3073026548618256,4.01671439168335,0.5199514197108572,-0.8333102736191655,0.6337245864141458,-0.1858695803384886,-0.2391810642227074
412,-0.07541097119142824,0.8971227999716859,0.09746405036002256,4.649428656558289,-1.0949598695428395,0.5477884647210938,-2.121336265730967,0.7814026841763481,-0.9650776824254358,0.6043596017034334
413,-0.2979921249284926,-1.117969003057907,0.11502685922362064,-1.9590415901394185,0.5958041867616235,-0.46659570544169043,-1.0011550256208028,0.1308253535095825,-0.10598660496000048,0.7321570500374823
414,-1.595961673293874,-0.7786885815539073,0.11502685922362064,0.5215269813276346,-1.8836020866371637,2.56235872585321,-0.4183383389664013,0.02211560333815533,1.729526129292748,0.7547126953863823
415,-0.48551215829753,-2.532133912008454,2.0276400256546534,3.3129297198863243,-3.870246317052151,-0.7700874732292141,0.7616975938446933,0.6137899492020045,-0.8736048899811076,-0.12175489393278065
416,0.6513229020928342,-1.6348073798773657,0.8374587370354292,-3.1634710839656544,-0.2279736309346833,-0.15778544624947674,-1.5779567334826956,0.32826015487411125,1.0220789147541425,-1.573466249512398
417,-0.2979921249284926,-1.3641241146805358,-1.6056176318811746,-3.7739053970596057,0.015908151822873272,2.52882645403276,-0.22187451424411347,-0.8742653319933036,-1.2867669683094798,-0.5191303576371504
418,-0.7915064487808026,-0.9437888891252404,-0.12715473599571206,-0.24932797991669906,-4.51390133035837,0.6430316586836333,0.4957851889708822,-0.5718797250480274,0.6307638092308968,-0.8421395457227815
419,0.21026469563241895,-1.2672770952809225,0.05614968836723383,-0.13915683329398398,-3.665719121012076,-1.9529535865054723,-1.4454880080645636,-0.698528383467589,0.8809905379786388,-1.4789667459689828
420,-0.4765888093729307,-0.2457333830439871,0.11502685922362064,-3.1687743535041903,0.6067375243824527,1.3228967498029074,1.6759339209598794,0.5496499271876961,-0.9975467506081942,-0.2573878933272367
421,-0.2979921249284926,-1.1625337130812805,-1.6329733574776728,-4.594689061149206,2.1911661190783525,3.2220832465057234,0.3892403431042156,-1.0434067697571503,-0.10598660496000048,0.7823986933616667
422,-1.3538672691319888,0.17456408015704608,0.7152837559027215,1.0837830981383665,4.884644472730959,-0.3745515549728624,-0.4621311873622449,-0.0539761647214547,0.9312408510590964,0.2881764840167796
423,0.8730504255346845,0.3059697078363905,0.3461334795697469,2.344234365291652,-1.332395625707734,-2.8239201375552634,-0.0990360978686093,1.4211074567751996,-1.885646827033441,0.6170052533461255
424,-1.9202028029715248,1.9973142987466703,0.11746096153146768,-1.2048869013972954,1.719428054764492,1.864520990306174,0.055453759228346916,0.05552789699994192,-0.10598660496000048,1.5003179895743497
425,-1.2016322629187228,2.16893938092796,-0.2750847126315901,-3.559286156204182,-0.3850446835555073,-1.053197004977716,-1.0092983407184708,1.6615164392095891,-0.07747381635825712,0.3420252239159217
426,-0.4213322743129837,-2.2017093442860762,-0.945889549893264,3.828283820312712,0.6592045238994371,-0.15778544624947674,-0.041912149525109306,-1.0426156793953272,0.5847198319954918,-0.035805347912736166
427,-0.6204613395802571,-0.9682062927618882,0.3500937297627195,5.01451520653112,-2.12136566362081,-0.022849954805949032,1.5067448067944162,-0.18063762051271012,-1.4928625906210782,0.03271889023286818
428,-1.3805551941960732,-0.4475075840979847,1.1323608113058468,0.8942095101367125,-3.9206207863455296,1.9218238164668329,0.06132489643128269,-0.4307390196937329,0.7333645182896844,0.1712047566575887
429,-0.2979921249284926,2.310397343570913,1.3040376871094743,-2.623844442162855,1.366627180327325,0.5104616991882494,0.4397050372771263,1.3802294511815856,1.4841955644834075,1.4642630267193322
430,0.06857136517469803,-0.5151006694938464,1.0289357976189952,-2.6083889270758647,0.049093544356750465,-0.6401728334103874,-1.9853443136167277,1.2735739388911802,0.7547800057539926,-0.6370844494902335
431,-1.2639474655998368,-2.4062602987887547,0.8110593668147247,3.0898148104666747,-3.15568733864321,2.8264297656456163,2.083348221138711,-0.5114066859109874,-0.938736330709011,0.8606257841445117
432,0.895198197096544,-0.4168388588235269,-0.8869555805305522,2.4670547500129962,-0.16976435960272215,-3.0176304862632506,-0.0990360978686093,-0.09264045750522651,-1.9228808231187409,0.5611088510013125
433,-0.2229026723552332,-0.296361135156874,0.07688374505575686,6.431518385024428,0.457454201726593,-2.3319959292838286,-0.041912149525109306,-0.05033615396441251,-0.07770266455746475,-0.01173175552299764
434,1.261651689809192,-0.6327577216346509,-0.4891483286800031,-3.0974967567581504,0.6693570988683999,3.5086063542234656,-0.8001605732702552,1.0121679682604654,-1.5293293973243138,-0.3836450865963614
435,-0.07459851423506515,0.4585055063858261,-0.30587656142918856,2.5362572407631387,3.71481891167904,-0.8368486071681241,-1.305465476813681,-0.5592583997593183,0.190266743269864,-0.4140997337637321
436,-1.7399794511275168,-0.2510498125945091,0.3894269398447975,1.3845926129738364,-3.0720344176387075,3.31911493410249,-0.012902996158079251,-0.4045664946549997,0.38255784628545897,1.0484578435276972
437,-1.5556211154672732,-0.17231211016861678,1.2654917548054043,0.9839146673330058,3.2424415026424667,-1.1977167310666688,-0.06558134194810047,-1.2908943401271746,1.3567506212497813,-0.28802496272727257
438,-0.15064768727181202,-0.34038028381299906,-0.5156532941531521,1.817065568251127,3.9382832558527316,-0.6916439594400288,-0.1012874762543242,0.1056169336800456,-0.7689573066086043,-0.6507052753211137
439,0.27252427758318865,-0.6043399714726613,-1.060541310852496,3.4909943837900874,3.887819942619109,-1.473472733697587,-0.7935797224207989,-1.4088967290012768,1.0520098333942418,-0.9005700892828921
440,-1.2373515146041234,-1.25412025322251,1.579899192222434,5.1271514805570595,-0.8099107396403951,-0.4578445287262251,1.5451728381866383,-0.6299972595695277,-1.3172335365243641,0.7398429510960026
441,0.3988595059928545,-1.4936008781063477,0.6229088230207291,-3.1046503994554087,0.3126070397948748,-0.5834719317379431,-1.836087307169924,0.043298762881271914,1.804447408676884,-0.012795027238502798
442,0.8977907606241126,0.41742060059995023,0.3143210729329788,1.8153071986540321,4.340284451138142,-0.8219921368898658,-0.2262147392483691,-0.09217296439142178,-0.14644032292237966,-0.17342809798206069
443,-0.6483742472870732,0.12581419478770214,0.5242611987050344,0.8992352907411123,4.522671513997169,-1.1206860807392685,-0.4936765604005248,-0.07620125510008577,0.5627001630082744,-0.4750136257652166
444,0.17415383849940458,-0.02173994154577345,-0.7604046266655791,2.8895245682214963,3.5355509828171736,-0.15778544624947674,-1.1561089367742745,-1.0201902170110266,1.140866291670796,-0.9571484745976908
445,-0.6779345253208511,-0.7043874521933999,1.09242649587641,-1.4471976286492514,1.888157459958596,0.8422916000996917,0.07487168816848562,0.843112020809582,0.023184112957763785,-0.935965663927325
446,0.808607225557195,0.6722879726570673,0.07688374505575686,1.2345087268467063,4.196072687064492,-0.7220762261254051,0.0291063348506384,-0.2035313101827504,-0.2712852347995309,0.2590923979295664
447,-2.071303396635567,1.4790824285050936,1.1048147161529007,-1.4625627392585228,1.1038489738610022,1.3255965903315081,-0.3990560739346041,1.5329612516066409,0.9649272911606116,1.1399349194309671
448,-1.2261708923766999,-0.2236789631962964,0.16470887015602328,2.3206448732725145,3.7042489185999927,-1.511322070748967,-0.44934489952355394,-0.7123421884615816,0.8505724330541621,-0.7888278916781672
449,-1.9048587658374296,0.6132582899393099,-0.038640206473932376,2.0516224935771707,-2.2488265150113675,-0.46659570544169043,-0.12311004946508758,-1.7591115224936968,1.2943244019838478,0.916524389438548
450,1.1129042234265425,-1.7586402270610093,1.0883207439652391,-3.6438081420856334,-0.12109798331822764,-1.0226491858124638,-1.1123244529398983,0.489132798243464,0.2398144265096581,-1.1723688272151314
451,-0.2979921249284926,-0.296361135156874,0.4240700090465036,-3.0308043123969437,0.7209257816562503,-0.019854975021823595,0.943914462044906,1.4062088965395378,1.0423594622405667,-0.012795027238502798
452,-1.6674272654640476,2.6843483270147077,0.11502685922362064,-3.3067040066494418,-0.9169633888548921,-1.5202376513564808,-0.0990360978686093,-0.09264045750522651,2.3229064004646904,0.03271889023286816
453,0.6151577564675313,-0.4704804101745085,0.2859247031814726,0.9839146673330058,-1.0959104007856917,0.020811400363697014,2.046596533979686,-0.41294579663414427,-1.8287996696823163,0.0011300438408473005
454,-1.2997226101549004,0.2165655361503598,0.14147473824407028,1.4156640200199262,3.714523365683044,-0.20907354355773952,0.23028302942068496,-0.248071255668236,0.4744789813266428,-0.5990452100913306
455,0.1340995292267792,-2.3390431851252225,-1.6422251328509396,4.370521606188266,-1.6292839739139318,-2.982423592293222,-0.0990360978686093,-0.05033615396441251,-0.0952713266647196,1.191821916823388
456,-0.3243436934923138,-0.028142512457376933,0.10644738606000484,2.476550715558937,3.503161340490284,-2.372259716504073,-0.5511407146987342,-1.3032205836609416,0.4258590560706895,-0.6043078875390434
457,-0.28387334267590675,-0.09229176899823023,-0.2282908528384253,1.231503182709727,0.0732907258625629,-1.6294080165433582,0.42383691508190063,-0.19235351316076896,0.982032619972168,-0.13206459572347629
458,-1.4194385104270157,0.2935811945675933,0.11502685922362064,0.9839146673330058,2.6327262808309055,0.9779638347554102,-0.4825513717079818,1.4789532687942313,0.4355871581826563,0.072385149336605
459,1.6345344425198571,0.2973667297057842,-1.6722463092059674,3.3038674731963416,4.8678319008700015,-0.5375816955476506,-0.7096569912092411,-0.5548211549071352,0.018836734059367047,-0.053831524117428406
460,-0.9550342280725076,0.4647231387257602,-0.05005066086438528,0.9839146673330058,3.3747492657083997,0.2527041663838309,-1.1923921935504722,0.2412614218626291,0.5278121942799721,0.09304888729234666
461,-0.9616718994707912,0.1817896535558475,0.6952364579021149,2.1013138288265205,4.341747749339668,-1.7775422819979743,-0.1985717587394637,-0.7455802599823688,0.3891659567943434,-0.4763445824865015
462,-0.12345819939140402,-0.1372514063727638,0.6717155190857761,-1.8555687205004905,2.2456602730441677,3.019457929538069,-1.1709554406612124,0.8073259307892934,0.07509185205899087,0.03271889023286818
463,-1.052211794144039,-2.1608094020485686,0.3628935487684439,2.8348056508486352,-3.61866305514854,-2.4379672271186443,1.029053762103212,0.23784652254835426,-0.8648878829888822,1.0064735318257092
464,-0.2894062593246814,-0.8937034685940697,-1.3835649521020863,-0.9744929753641022,-0.030281349084247344,-0.1762896172409128,-1.6991481900630427,1.2235679209013015,-0.10598660496000048,-0.8938027277159739
465,2.126794640027541,-0.8082377919397606,-0.3806266643667738,0.9839146673330059,0.1428618867472816,-2.958221234320296,0.09125257370178773,-1.1222486578132176,0.014864354002230018,-0.01173175552299764
466,-0.5720783659756589,-1.3897936885025437,0.6343983553302204,3.9151248066821984,-1.6156354802456092,0.4661368082518942,-0.0990360978686093,-1.0689768737647365,-1.6558481984189044,0.42395875122205023
467,-0.2011088150056668,1.37062739230596,0.27729557613673983,3.385718593873956,-1.1155111504555162,-1.0796500079116869,-0.4043776502734484,0.9775825269513936,-2.486272538139835,0.6000699304970268
468,-0.2979921249284926,2.354253936537392,0.07688374505575686,0.13693027448557507,0.509752499569719,-0.28626808983790536,-0.0990360978686093,-0.04069026512721937,0.1929859900807204,-0.9137407306678323
469,-2.188836004151729,1.682314465655803,0.3523170570120573,-1.6427990097050804,2.28579466540098,1.0712519258871387,0.13185759319934193,1.7219828496270848,0.8986885091161142,0.15685025221254595
470,-0.6781476934000931,1.7788022129177077,-1.2589545419561523,-2.678310967324076,-0.04081812209281087,-0.7187016818197145,-0.8862449050387171,1.0702181640906925,-0.5465012661566705,-0.11933352804295648
471,0.017955286086639724,0.2432940527326572,-0.5205939379543921,2.3254184849969928,-2.5680958923496906,-0.28626808983790536,-0.3471315949871889,-0.09264045750522651,0.6639262967480583,1.0724613105070564
472,-0.7493797986393033,1.0168971661970114,-0.026601179826242997,0.07718113522006846,1.7351655389477008,3.1930394711052967,-1.1833104141872417,1.3507014231288288,0.013875935275220257,0.007970387090454752
473,0.8112157295249303,0.3674547260267551,-1.1659935334706761,1.5695351010822547,2.5430850933184668,-0.7952727406758575,-1.6841044637801794,0.6705350588871589,-1.0735888570539884,-0.00543537885959381
474,0.7371295826686215,0.04036576611797133,0.6758580961287547,-2.9535053562939546,-1.4383710625837167,-3.816272950130392,-0.22780153093787914,-1.6681635002336623,0.3725930943003203,-0.2631797575526092
475,0.9459328699200182,-0.276261668656763,-1.2893894445308665,2.4478286997340324,4.912502830582995,-1.5192076524118725,-0.013016025790129554,-0.3370653849820721,-0.8600215936871527,0.4836970032605462
476,0.4483407658949585,-0.4728936884883253,0.6867602253810718,-4.782436251372592,0.13143077778609755,-1.7877203913450264,-1.5410443660863382,-0.2920430672536958,1.7245693732712102,0.39373373792122657
477,1.90935862101046,-0.5638847736594677,0.11502685922362064,-2.2657751314245784,0.8208036969055202,2.8083485769173344,0.05545375922834694,-0.00854161534484487,-2.02306720721606,-0.16456050060792787
478,-0.2979921249284926,-0.296361135156874,-1.115640212275748,-3.5077816590354933,-3.7016571623636336,-1.6553526141424209,-0.041912149525109306,-0.5078511700017653,-0.9242449482972798,-1.3574754686232573
479,-0.24351723534872124,0.3921926319600204,0.20957575398275147,2.0242274147893164,4.0463721490663715,-1.8017538886160092,-1.094645111869653,-1.1092717837080674,1.1898253118689537,-0.4969667217547492
480,-0.5522793176366135,-2.330735598523627,-0.6687826723275375,1.7354256018247831,4.124837761267749,-0.1902738427503719,-0.3162623380242812,-0.13853458463050425,0.20972114321252985,-0.63358704857558
481,-1.9109414555110016,0.6108454930570556,-0.4640528436066987,1.0482512667732018,-2.8638705174930954,-0.15778544624947674,0.18260828561802386,-1.5973047888137046,-0.07747381635825712,1.244010021887732
482,-0.5838908270382459,1.8784554893815817,-0.4266178134258463,0.9839146673330059,-2.170993733932407,-2.44677948500647,-0.420864599336402,0.6873339899987798,0.3208775972409119,-0.028030852517390008
483,-0.4262267370060345,0.3603571826910919,-0.3688102086448327,4.664889943033477,0.14286188674728156,-1.6119019878605758,0.22249585431391086,0.3632577645125688,-1.5877483921999955,0.6438880627829756
484,-0.6471228254265654,-0.11811948049795755,0.13628828230194776,1.2666518145995829,4.069141845715138,-1.0638869173647605,-0.131791740583378,-0.26341408239406233,-0.2979709903210749,-0.28627676470152713
485,-0.490052934725009,0.30506130233301265,0.5427449230830175,-0.3161597252924731,4.9271336889645285,-0.6472031989215419,0.07708044480186795,0.8091035943970409,-0.17531966546210054,0.8631659224936138
486,2.0023077390760093,-2.0706202543223338,-0.15516178905387404,1.02159544025837,0.4655083169749407,-1.7799093208504966,0.4583303645582261,-1.4678739435239692,0.6655920532777597,0.8381386974282575
487,-1.2542075393998613,-1.933971025230336,0.2173505641277326,4.835768798011476,-0.5257217823534687,-0.0055975424560846905,-0.0990360978686093,0.10935965951791417,-1.3523927511847715,1.5042459824720833
488,1.3081819353092352,-0.7435046585349487,0.4833443263743298,1.02159544025837,0.20033677204392047,-2.903749541653289,0.08549174529404838,-1.7469001653697431,0.9100384769304806,-0.01173175552299764
489,-0.8515375253630548,-0.479356949894251,0.11502685922362064,-1.8200704940979902,0.8180955575376767,0.14120759021569168,1.537068502251781,-0.00854161534484487,-0.3418695603225687,-1.0103433812403952
490,-1.6102684351456364,-0.184169476451048,-0.1007311523388745,1.9914298545417068,-3.1397046641456394,-0.46659570544169043,-0.01068161341418688,-1.208989405588055,0.6558640676203092,1.0342674496924864
491,0.5487840121878234,-1.2265955573862284,1.7559695635132733,-3.3347803581696245,0.16349639266894245,1.993281333422332,0.039037632559386935,1.0186528503019203,-1.4101111951511278,-0.6620787606688772
492,0.15200803752354625,-1.6868788479744952,1.4893342244218608,0.8349500735331106,-4.74919650899463,-2.084044846786548,-0.7828863735751947,-0.12988335912320453,0.4966303200431672,-1.550105596626128
493,0.2279012046333174,-0.09376139529537955,0.4359365296792451,-0.6966111047920852,-4.252352223763612,-0.28626808983790536,-1.2474291788647822,1.2397683778238435,0.1665921666314112,-0.012795027238502798
