PatientID,TestResultsCode
5000,flue_NotSpreader_atRisk
5001,notdetected_Spreader_atRisk
5002,notdetected_Spreader_NotAtRisk
5003,cold_Spreader_NotAtRisk
5004,cmv_Spreader_NotAtRisk
5005,notdetected_Spreader_NotAtRisk
5006,cold_Spreader_atRisk
5007,cmv_NotSpreader_NotAtRisk
5008,cold_Spreader_atRisk
5009,notdetected_NotSpreader_NotAtRisk
5010,cold_Spreader_NotAtRisk
5011,notdetected_Spreader_atRisk
5012,cold_Spreader_atRisk
5013,notdetected_Spreader_NotAtRisk
5014,measles_Spreader_atRisk
5015,cold_Spreader_NotAtRisk
5016,cold_Spreader_atRisk
5017,notdetected_Spreader_atRisk
5018,flue_NotSpreader_atRisk
5019,measles_Spreader_NotAtRisk
5020,flue_NotSpreader_atRisk
5021,cmv_Spreader_atRisk
5022,notdetected_NotSpreader_atRisk
5023,flue_Spreader_atRisk
5024,notdetected_Spreader_atRisk
5025,flue_NotSpreader_NotAtRisk
5026,notdetected_Spreader_NotAtRisk
5027,cmv_Spreader_atRisk
5028,notdetected_Spreader_atRisk
5029,notdetected_Spreader_NotAtRisk
5030,notdetected_NotSpreader_atRisk
5031,notdetected_NotSpreader_atRisk
5032,flue_Spreader_NotAtRisk
5033,notdetected_NotSpreader_atRisk
5034,cold_Spreader_NotAtRisk
5035,notdetected_Spreader_NotAtRisk
5036,cold_Spreader_atRisk
5037,flue_Spreader_atRisk
5038,notdetected_Spreader_atRisk
5039,notdetected_NotSpreader_NotAtRisk
5040,notdetected_NotSpreader_NotAtRisk
5041,notdetected_NotSpreader_NotAtRisk
5042,flue_NotSpreader_atRisk
5043,flue_Spreader_NotAtRisk
5044,flue_Spreader_NotAtRisk
5045,notdetected_Spreader_NotAtRisk
5046,notdetected_Spreader_atRisk
5047,flue_NotSpreader_atRisk
5048,flue_Spreader_NotAtRisk
5049,notdetected_Spreader_atRisk
5050,flue_NotSpreader_NotAtRisk
5051,notdetected_Spreader_atRisk
5052,cold_Spreader_NotAtRisk
5053,flue_Spreader_atRisk
5054,flue_Spreader_atRisk
5055,covid_Spreader_NotAtRisk
5056,notdetected_Spreader_NotAtRisk
5057,notdetected_Spreader_atRisk
5058,notdetected_Spreader_atRisk
5059,cold_Spreader_atRisk
5060,notdetected_NotSpreader_NotAtRisk
5061,flue_Spreader_atRisk
5062,cold_NotSpreader_atRisk
5063,flue_Spreader_atRisk
5064,notdetected_NotSpreader_atRisk
5065,flue_Spreader_atRisk
5066,flue_Spreader_NotAtRisk
5067,notdetected_Spreader_NotAtRisk
5068,flue_NotSpreader_atRisk
5069,notdetected_Spreader_NotAtRisk
5070,notdetected_Spreader_atRisk
5071,notdetected_Spreader_NotAtRisk
5072,cmv_NotSpreader_atRisk
5073,notdetected_NotSpreader_NotAtRisk
5074,cold_Spreader_NotAtRisk
5075,notdetected_Spreader_NotAtRisk
5076,notdetected_Spreader_NotAtRisk
5077,flue_Spreader_NotAtRisk
5078,cold_Spreader_NotAtRisk
5079,notdetected_Spreader_NotAtRisk
5080,cmv_Spreader_atRisk
5081,notdetected_NotSpreader_NotAtRisk
5082,flue_Spreader_NotAtRisk
5083,notdetected_Spreader_NotAtRisk
5084,cold_NotSpreader_NotAtRisk
5085,flue_Spreader_atRisk
5086,notdetected_NotSpreader_NotAtRisk
5087,notdetected_Spreader_atRisk
5088,covid_NotSpreader_NotAtRisk
5089,flue_Spreader_NotAtRisk
5090,flue_Spreader_NotAtRisk
5091,flue_NotSpreader_NotAtRisk
5092,notdetected_NotSpreader_NotAtRisk
5093,notdetected_Spreader_atRisk
5094,covid_NotSpreader_atRisk
5095,flue_Spreader_atRisk
5096,notdetected_NotSpreader_atRisk
5097,notdetected_NotSpreader_NotAtRisk
5098,notdetected_Spreader_atRisk
5099,flue_NotSpreader_atRisk
5100,covid_Spreader_atRisk
5101,notdetected_Spreader_NotAtRisk
5102,cold_NotSpreader_NotAtRisk
5103,notdetected_Spreader_atRisk
5104,cold_Spreader_NotAtRisk
5105,notdetected_Spreader_NotAtRisk
5106,notdetected_Spreader_atRisk
5107,cold_Spreader_NotAtRisk
5108,covid_NotSpreader_atRisk
5109,notdetected_Spreader_NotAtRisk
5110,cold_Spreader_atRisk
5111,notdetected_Spreader_atRisk
5112,covid_Spreader_NotAtRisk
5113,notdetected_NotSpreader_NotAtRisk
5114,cmv_Spreader_atRisk
5115,covid_NotSpreader_NotAtRisk
5116,notdetected_Spreader_atRisk
5117,notdetected_Spreader_NotAtRisk
5118,notdetected_Spreader_NotAtRisk
5119,notdetected_Spreader_atRisk
5120,covid_Spreader_NotAtRisk
5121,notdetected_Spreader_NotAtRisk
5122,cold_NotSpreader_atRisk
5123,notdetected_NotSpreader_NotAtRisk
5124,covid_NotSpreader_atRisk
5125,notdetected_NotSpreader_NotAtRisk
5126,notdetected_Spreader_atRisk
5127,cold_Spreader_atRisk
5128,notdetected_Spreader_atRisk
5129,notdetected_Spreader_NotAtRisk
5130,covid_NotSpreader_NotAtRisk
5131,measles_Spreader_NotAtRisk
5132,flue_Spreader_NotAtRisk
5133,notdetected_Spreader_atRisk
5134,notdetected_Spreader_NotAtRisk
5135,cmv_Spreader_NotAtRisk
5136,cold_Spreader_atRisk
5137,notdetected_NotSpreader_atRisk
5138,flue_NotSpreader_NotAtRisk
5139,flue_NotSpreader_NotAtRisk
5140,cold_Spreader_atRisk
5141,notdetected_Spreader_atRisk
5142,measles_Spreader_atRisk
5143,notdetected_NotSpreader_atRisk
5144,flue_NotSpreader_NotAtRisk
5145,cold_Spreader_NotAtRisk
5146,notdetected_Spreader_NotAtRisk
5147,flue_Spreader_atRisk
5148,cold_NotSpreader_NotAtRisk
5149,notdetected_Spreader_NotAtRisk
5150,notdetected_Spreader_NotAtRisk
5151,cmv_Spreader_NotAtRisk
5152,notdetected_NotSpreader_NotAtRisk
5153,flue_Spreader_atRisk
5154,flue_Spreader_atRisk
5155,notdetected_NotSpreader_atRisk
5156,notdetected_NotSpreader_NotAtRisk
5157,notdetected_Spreader_NotAtRisk
5158,flue_Spreader_NotAtRisk
5159,notdetected_Spreader_NotAtRisk
5160,notdetected_NotSpreader_NotAtRisk
5161,notdetected_NotSpreader_NotAtRisk
5162,notdetected_NotSpreader_atRisk
5163,cmv_Spreader_atRisk
5164,flue_NotSpreader_NotAtRisk
5165,notdetected_NotSpreader_NotAtRisk
5166,flue_Spreader_NotAtRisk
5167,notdetected_Spreader_atRisk
5168,notdetected_Spreader_NotAtRisk
5169,notdetected_Spreader_NotAtRisk
5170,notdetected_NotSpreader_NotAtRisk
5171,notdetected_NotSpreader_atRisk
5172,flue_NotSpreader_atRisk
5173,notdetected_Spreader_atRisk
5174,covid_Spreader_NotAtRisk
5175,notdetected_NotSpreader_atRisk
5176,notdetected_NotSpreader_atRisk
5177,cold_NotSpreader_NotAtRisk
5178,notdetected_Spreader_atRisk
5179,measles_Spreader_atRisk
5180,flue_Spreader_NotAtRisk
5181,notdetected_Spreader_atRisk
5182,cold_Spreader_atRisk
5183,notdetected_Spreader_atRisk
5184,notdetected_Spreader_NotAtRisk
5185,cold_Spreader_atRisk
5186,notdetected_Spreader_NotAtRisk
5187,notdetected_Spreader_NotAtRisk
5188,covid_Spreader_atRisk
5189,flue_NotSpreader_NotAtRisk
5190,cold_NotSpreader_atRisk
5191,cold_NotSpreader_NotAtRisk
5192,notdetected_NotSpreader_NotAtRisk
5193,covid_NotSpreader_atRisk
5194,notdetected_Spreader_NotAtRisk
5195,notdetected_Spreader_NotAtRisk
5196,flue_Spreader_atRisk
5197,flue_Spreader_NotAtRisk
5198,notdetected_Spreader_atRisk
5199,flue_Spreader_atRisk
5200,notdetected_Spreader_atRisk
5201,notdetected_Spreader_NotAtRisk
5202,flue_Spreader_NotAtRisk
5203,cold_Spreader_atRisk
5204,covid_Spreader_NotAtRisk
5205,notdetected_NotSpreader_NotAtRisk
5206,flue_Spreader_NotAtRisk
5207,notdetected_NotSpreader_NotAtRisk
5208,notdetected_Spreader_NotAtRisk
5209,notdetected_Spreader_atRisk
5210,notdetected_Spreader_NotAtRisk
5211,flue_NotSpreader_NotAtRisk
5212,notdetected_NotSpreader_atRisk
5213,notdetected_NotSpreader_atRisk
5214,flue_Spreader_atRisk
5215,notdetected_Spreader_NotAtRisk
5216,notdetected_Spreader_NotAtRisk
5217,notdetected_NotSpreader_NotAtRisk
5218,notdetected_Spreader_atRisk
5219,notdetected_NotSpreader_NotAtRisk
5220,flue_Spreader_atRisk
5221,cold_NotSpreader_NotAtRisk
5222,flue_Spreader_atRisk
5223,cold_NotSpreader_NotAtRisk
5224,flue_Spreader_NotAtRisk
5225,notdetected_Spreader_NotAtRisk
5226,notdetected_Spreader_NotAtRisk
5227,measles_Spreader_NotAtRisk
5228,notdetected_NotSpreader_atRisk
5229,notdetected_NotSpreader_atRisk
5230,notdetected_Spreader_NotAtRisk
5231,flue_NotSpreader_NotAtRisk
5232,notdetected_NotSpreader_NotAtRisk
5233,flue_Spreader_atRisk
5234,notdetected_Spreader_NotAtRisk
5235,notdetected_Spreader_NotAtRisk
5236,cold_NotSpreader_NotAtRisk
5237,notdetected_NotSpreader_NotAtRisk
5238,flue_Spreader_atRisk
5239,flue_Spreader_atRisk
5240,cold_Spreader_atRisk
5241,cold_NotSpreader_atRisk
5242,flue_Spreader_NotAtRisk
5243,notdetected_Spreader_atRisk
5244,flue_Spreader_NotAtRisk
5245,notdetected_Spreader_NotAtRisk
5246,cold_NotSpreader_NotAtRisk
5247,notdetected_Spreader_atRisk
5248,notdetected_Spreader_atRisk
5249,cold_Spreader_atRisk
5250,flue_NotSpreader_NotAtRisk
5251,notdetected_Spreader_atRisk
5252,flue_NotSpreader_atRisk
5253,notdetected_Spreader_NotAtRisk
5254,notdetected_Spreader_NotAtRisk
5255,notdetected_Spreader_NotAtRisk
5256,notdetected_NotSpreader_atRisk
5257,cold_Spreader_atRisk
5258,notdetected_Spreader_atRisk
5259,notdetected_Spreader_atRisk
5260,notdetected_Spreader_NotAtRisk
5261,flue_NotSpreader_NotAtRisk
5262,flue_NotSpreader_atRisk
5263,notdetected_Spreader_atRisk
5264,notdetected_Spreader_atRisk
5265,measles_Spreader_NotAtRisk
5266,notdetected_Spreader_NotAtRisk
5267,notdetected_Spreader_atRisk
5268,notdetected_Spreader_atRisk
5269,notdetected_Spreader_NotAtRisk
5270,notdetected_NotSpreader_NotAtRisk
5271,flue_NotSpreader_atRisk
5272,cold_Spreader_NotAtRisk
5273,notdetected_NotSpreader_NotAtRisk
5274,flue_Spreader_NotAtRisk
5275,flue_Spreader_NotAtRisk
5276,cold_Spreader_NotAtRisk
5277,notdetected_Spreader_atRisk
5278,cold_Spreader_NotAtRisk
5279,notdetected_Spreader_atRisk
5280,covid_Spreader_NotAtRisk
5281,cold_NotSpreader_atRisk
5282,notdetected_Spreader_NotAtRisk
5283,cmv_NotSpreader_NotAtRisk
5284,cold_Spreader_atRisk
5285,notdetected_NotSpreader_NotAtRisk
5286,measles_Spreader_NotAtRisk
5287,cold_Spreader_NotAtRisk
5288,notdetected_Spreader_atRisk
5289,notdetected_NotSpreader_atRisk
5290,flue_Spreader_NotAtRisk
5291,cold_NotSpreader_NotAtRisk
5292,cmv_Spreader_NotAtRisk
5293,cold_NotSpreader_NotAtRisk
5294,notdetected_Spreader_NotAtRisk
5295,notdetected_Spreader_NotAtRisk
5296,notdetected_Spreader_atRisk
5297,cold_Spreader_NotAtRisk
5298,flue_Spreader_NotAtRisk
5299,notdetected_Spreader_NotAtRisk
5300,flue_Spreader_NotAtRisk
5301,flue_Spreader_atRisk
5302,flue_NotSpreader_NotAtRisk
5303,notdetected_NotSpreader_NotAtRisk
5304,notdetected_NotSpreader_atRisk
5305,cold_Spreader_atRisk
5306,flue_NotSpreader_NotAtRisk
5307,notdetected_NotSpreader_NotAtRisk
5308,notdetected_NotSpreader_NotAtRisk
5309,notdetected_NotSpreader_NotAtRisk
5310,notdetected_NotSpreader_NotAtRisk
5311,notdetected_NotSpreader_atRisk
5312,notdetected_NotSpreader_atRisk
5313,notdetected_NotSpreader_NotAtRisk
5314,notdetected_Spreader_NotAtRisk
5315,notdetected_Spreader_atRisk
5316,notdetected_Spreader_atRisk
5317,cold_NotSpreader_NotAtRisk
5318,cold_NotSpreader_atRisk
5319,cmv_NotSpreader_NotAtRisk
5320,notdetected_NotSpreader_atRisk
5321,flue_NotSpreader_NotAtRisk
5322,notdetected_NotSpreader_atRisk
5323,notdetected_Spreader_atRisk
5324,notdetected_Spreader_atRisk
5325,notdetected_Spreader_NotAtRisk
5326,notdetected_Spreader_atRisk
5327,cold_Spreader_NotAtRisk
5328,notdetected_Spreader_NotAtRisk
5329,notdetected_NotSpreader_atRisk
5330,flue_NotSpreader_atRisk
5331,cmv_NotSpreader_NotAtRisk
5332,measles_Spreader_NotAtRisk
5333,measles_NotSpreader_NotAtRisk
5334,notdetected_Spreader_NotAtRisk
5335,cmv_Spreader_atRisk
5336,flue_Spreader_NotAtRisk
5337,flue_NotSpreader_NotAtRisk
5338,notdetected_Spreader_atRisk
5339,flue_NotSpreader_NotAtRisk
5340,notdetected_Spreader_NotAtRisk
5341,notdetected_NotSpreader_atRisk
5342,notdetected_NotSpreader_NotAtRisk
5343,notdetected_Spreader_NotAtRisk
5344,notdetected_Spreader_atRisk
5345,notdetected_Spreader_atRisk
5346,notdetected_NotSpreader_NotAtRisk
5347,cold_Spreader_NotAtRisk
5348,flue_NotSpreader_NotAtRisk
5349,notdetected_Spreader_NotAtRisk
5350,cmv_NotSpreader_atRisk
5351,cold_NotSpreader_NotAtRisk
5352,measles_Spreader_atRisk
5353,notdetected_Spreader_atRisk
5354,notdetected_Spreader_atRisk
5355,cold_NotSpreader_NotAtRisk
5356,notdetected_Spreader_atRisk
5357,notdetected_Spreader_NotAtRisk
5358,notdetected_NotSpreader_NotAtRisk
5359,cold_Spreader_NotAtRisk
5360,notdetected_Spreader_atRisk
5361,cold_Spreader_NotAtRisk
5362,notdetected_Spreader_NotAtRisk
5363,flue_NotSpreader_atRisk
5364,notdetected_Spreader_NotAtRisk
5365,notdetected_Spreader_NotAtRisk
5366,flue_NotSpreader_atRisk
5367,cold_Spreader_atRisk
5368,notdetected_NotSpreader_NotAtRisk
5369,cold_Spreader_atRisk
5370,measles_Spreader_atRisk
5371,flue_Spreader_NotAtRisk
5372,flue_Spreader_atRisk
5373,flue_Spreader_NotAtRisk
5374,notdetected_Spreader_atRisk
5375,notdetected_NotSpreader_NotAtRisk
5376,notdetected_Spreader_NotAtRisk
5377,flue_Spreader_NotAtRisk
5378,notdetected_Spreader_atRisk
5379,cmv_NotSpreader_NotAtRisk
5380,notdetected_NotSpreader_atRisk
5381,flue_Spreader_atRisk
5382,covid_NotSpreader_atRisk
5383,notdetected_Spreader_NotAtRisk
5384,notdetected_Spreader_atRisk
5385,notdetected_Spreader_NotAtRisk
5386,flue_NotSpreader_atRisk
5387,notdetected_NotSpreader_NotAtRisk
5388,flue_Spreader_atRisk
5389,covid_NotSpreader_NotAtRisk
5390,notdetected_Spreader_NotAtRisk
5391,cold_Spreader_atRisk
5392,notdetected_NotSpreader_NotAtRisk
5393,covid_Spreader_atRisk
5394,notdetected_Spreader_NotAtRisk
5395,flue_Spreader_atRisk
5396,notdetected_Spreader_NotAtRisk
5397,notdetected_Spreader_NotAtRisk
5398,cmv_Spreader_NotAtRisk
5399,notdetected_Spreader_NotAtRisk
5400,covid_NotSpreader_NotAtRisk
5401,notdetected_Spreader_atRisk
5402,notdetected_Spreader_atRisk
5403,notdetected_Spreader_atRisk
5404,notdetected_Spreader_NotAtRisk
5405,cold_Spreader_NotAtRisk
5406,covid_Spreader_atRisk
5407,flue_Spreader_NotAtRisk
5408,notdetected_Spreader_NotAtRisk
5409,measles_NotSpreader_NotAtRisk
5410,notdetected_NotSpreader_atRisk
5411,notdetected_Spreader_atRisk
5412,measles_NotSpreader_NotAtRisk
5413,notdetected_Spreader_NotAtRisk
5414,covid_Spreader_NotAtRisk
5415,notdetected_NotSpreader_NotAtRisk
5416,notdetected_NotSpreader_atRisk
5417,cold_Spreader_atRisk
5418,notdetected_NotSpreader_NotAtRisk
5419,notdetected_Spreader_NotAtRisk
5420,notdetected_Spreader_atRisk
5421,notdetected_NotSpreader_NotAtRisk
5422,covid_Spreader_atRisk
5423,notdetected_Spreader_atRisk
5424,cmv_Spreader_atRisk
5425,notdetected_NotSpreader_NotAtRisk
5426,cold_NotSpreader_NotAtRisk
5427,notdetected_Spreader_NotAtRisk
5428,notdetected_Spreader_NotAtRisk
5429,flue_NotSpreader_atRisk
5430,cmv_Spreader_NotAtRisk
5431,notdetected_Spreader_NotAtRisk
5432,flue_NotSpreader_NotAtRisk
5433,notdetected_NotSpreader_atRisk
5434,notdetected_Spreader_atRisk
5435,notdetected_Spreader_NotAtRisk
5436,notdetected_NotSpreader_NotAtRisk
5437,cold_NotSpreader_atRisk
5438,flue_Spreader_atRisk
5439,flue_Spreader_NotAtRisk
5440,notdetected_NotSpreader_atRisk
5441,notdetected_Spreader_atRisk
5442,notdetected_NotSpreader_atRisk
5443,flue_Spreader_NotAtRisk
5444,cold_Spreader_atRisk
5445,flue_Spreader_NotAtRisk
5446,measles_NotSpreader_NotAtRisk
5447,notdetected_Spreader_atRisk
5448,covid_Spreader_NotAtRisk
5449,notdetected_Spreader_NotAtRisk
5450,notdetected_Spreader_atRisk
5451,notdetected_Spreader_atRisk
5452,notdetected_NotSpreader_NotAtRisk
5453,flue_Spreader_atRisk
5454,notdetected_NotSpreader_atRisk
5455,notdetected_Spreader_atRisk
5456,measles_NotSpreader_atRisk
5457,notdetected_Spreader_atRisk
5458,notdetected_Spreader_atRisk
5459,cold_Spreader_NotAtRisk
5460,notdetected_Spreader_atRisk
5461,notdetected_Spreader_NotAtRisk
5462,notdetected_Spreader_atRisk
5463,notdetected_Spreader_NotAtRisk
5464,cold_Spreader_NotAtRisk
5465,cmv_Spreader_NotAtRisk
5466,notdetected_Spreader_NotAtRisk
5467,notdetected_Spreader_atRisk
5468,notdetected_NotSpreader_NotAtRisk
5469,cmv_Spreader_NotAtRisk
5470,notdetected_Spreader_NotAtRisk
5471,notdetected_Spreader_NotAtRisk
5472,cold_NotSpreader_atRisk
5473,cold_NotSpreader_NotAtRisk
5474,notdetected_Spreader_NotAtRisk
5475,notdetected_Spreader_atRisk
5476,cold_Spreader_NotAtRisk
5477,cold_Spreader_NotAtRisk
5478,notdetected_Spreader_atRisk
5479,flue_Spreader_NotAtRisk
5480,notdetected_Spreader_atRisk
5481,cold_NotSpreader_NotAtRisk
5482,cold_Spreader_NotAtRisk
5483,flue_Spreader_atRisk
5484,cold_Spreader_atRisk
5485,notdetected_Spreader_NotAtRisk
5486,notdetected_NotSpreader_NotAtRisk
5487,cold_NotSpreader_atRisk
5488,notdetected_Spreader_NotAtRisk
5489,flue_Spreader_NotAtRisk
5490,flue_Spreader_NotAtRisk
5491,notdetected_Spreader_atRisk
5492,notdetected_Spreader_NotAtRisk
5493,cold_Spreader_NotAtRisk
5494,notdetected_Spreader_atRisk
5495,cold_Spreader_atRisk
5496,notdetected_NotSpreader_NotAtRisk
5497,notdetected_Spreader_atRisk
5498,notdetected_Spreader_NotAtRisk
5499,notdetected_Spreader_atRisk
5500,notdetected_NotSpreader_atRisk
5501,flue_Spreader_NotAtRisk
5502,notdetected_NotSpreader_NotAtRisk
5503,notdetected_Spreader_atRisk
5504,notdetected_NotSpreader_atRisk
5505,cold_NotSpreader_NotAtRisk
5506,flue_NotSpreader_NotAtRisk
5507,notdetected_Spreader_NotAtRisk
5508,flue_NotSpreader_NotAtRisk
5509,notdetected_Spreader_atRisk
5510,notdetected_Spreader_NotAtRisk
5511,notdetected_Spreader_NotAtRisk
5512,cmv_Spreader_NotAtRisk
5513,notdetected_Spreader_atRisk
5514,notdetected_Spreader_NotAtRisk
5515,cmv_Spreader_NotAtRisk
5516,notdetected_Spreader_NotAtRisk
5517,flue_NotSpreader_atRisk
5518,cmv_NotSpreader_atRisk
5519,flue_NotSpreader_atRisk
5520,cold_NotSpreader_atRisk
5521,notdetected_Spreader_NotAtRisk
5522,notdetected_NotSpreader_atRisk
5523,notdetected_Spreader_atRisk
5524,cold_NotSpreader_NotAtRisk
5525,cold_NotSpreader_atRisk
5526,cold_NotSpreader_NotAtRisk
5527,notdetected_NotSpreader_NotAtRisk
5528,notdetected_NotSpreader_NotAtRisk
5529,notdetected_Spreader_atRisk
5530,notdetected_Spreader_NotAtRisk
5531,flue_Spreader_NotAtRisk
5532,covid_NotSpreader_NotAtRisk
5533,notdetected_Spreader_NotAtRisk
5534,flue_Spreader_atRisk
5535,notdetected_NotSpreader_atRisk
5536,notdetected_NotSpreader_atRisk
5537,notdetected_Spreader_NotAtRisk
5538,flue_NotSpreader_NotAtRisk
5539,flue_Spreader_NotAtRisk
5540,notdetected_NotSpreader_NotAtRisk
5541,notdetected_Spreader_atRisk
5542,notdetected_Spreader_atRisk
5543,flue_NotSpreader_NotAtRisk
5544,cold_Spreader_NotAtRisk
5545,notdetected_Spreader_NotAtRisk
5546,flue_Spreader_NotAtRisk
5547,notdetected_NotSpreader_NotAtRisk
5548,notdetected_NotSpreader_atRisk
5549,notdetected_Spreader_NotAtRisk
5550,notdetected_Spreader_atRisk
5551,covid_NotSpreader_NotAtRisk
5552,flue_Spreader_NotAtRisk
5553,cmv_Spreader_NotAtRisk
5554,notdetected_Spreader_atRisk
5555,notdetected_Spreader_NotAtRisk
5556,flue_Spreader_NotAtRisk
5557,flue_Spreader_atRisk
5558,cold_Spreader_NotAtRisk
5559,notdetected_Spreader_NotAtRisk
5560,cold_Spreader_atRisk
5561,notdetected_Spreader_NotAtRisk
5562,flue_NotSpreader_NotAtRisk
5563,notdetected_Spreader_atRisk
5564,notdetected_NotSpreader_atRisk
5565,notdetected_NotSpreader_NotAtRisk
5566,notdetected_NotSpreader_atRisk
5567,notdetected_Spreader_atRisk
5568,cold_Spreader_NotAtRisk
5569,notdetected_Spreader_NotAtRisk
5570,cold_NotSpreader_NotAtRisk
5571,cold_Spreader_atRisk
5572,notdetected_NotSpreader_NotAtRisk
5573,notdetected_Spreader_atRisk
5574,notdetected_Spreader_atRisk
5575,notdetected_Spreader_atRisk
5576,notdetected_Spreader_NotAtRisk
5577,notdetected_Spreader_NotAtRisk
5578,notdetected_Spreader_NotAtRisk
5579,flue_NotSpreader_atRisk
5580,flue_Spreader_NotAtRisk
5581,covid_NotSpreader_NotAtRisk
5582,covid_Spreader_atRisk
5583,flue_NotSpreader_atRisk
5584,notdetected_Spreader_NotAtRisk
5585,cold_Spreader_atRisk
5586,cmv_NotSpreader_NotAtRisk
5587,cmv_Spreader_NotAtRisk
5588,notdetected_NotSpreader_NotAtRisk
5589,notdetected_Spreader_atRisk
5590,flue_Spreader_NotAtRisk
5591,notdetected_NotSpreader_atRisk
5592,notdetected_NotSpreader_NotAtRisk
5593,notdetected_NotSpreader_NotAtRisk
5594,notdetected_Spreader_NotAtRisk
5595,notdetected_Spreader_NotAtRisk
5596,notdetected_Spreader_NotAtRisk
5597,measles_Spreader_atRisk
5598,cold_NotSpreader_NotAtRisk
5599,cmv_Spreader_atRisk
5600,notdetected_NotSpreader_atRisk
5601,cmv_Spreader_NotAtRisk
5602,flue_Spreader_NotAtRisk
5603,measles_NotSpreader_NotAtRisk
5604,flue_Spreader_NotAtRisk
5605,notdetected_Spreader_atRisk
5606,notdetected_Spreader_atRisk
5607,notdetected_NotSpreader_atRisk
5608,flue_NotSpreader_NotAtRisk
5609,flue_Spreader_NotAtRisk
5610,flue_Spreader_atRisk
5611,cold_Spreader_NotAtRisk
5612,cold_Spreader_NotAtRisk
5613,flue_Spreader_NotAtRisk
5614,flue_Spreader_atRisk
5615,flue_Spreader_atRisk
5616,flue_Spreader_atRisk
5617,cold_Spreader_NotAtRisk
5618,flue_Spreader_atRisk
5619,notdetected_Spreader_atRisk
5620,flue_Spreader_NotAtRisk
5621,notdetected_Spreader_NotAtRisk
5622,notdetected_NotSpreader_NotAtRisk
5623,cmv_Spreader_NotAtRisk
5624,covid_NotSpreader_NotAtRisk
5625,notdetected_NotSpreader_NotAtRisk
5626,cold_Spreader_atRisk
5627,flue_Spreader_atRisk
5628,notdetected_Spreader_NotAtRisk
5629,cmv_Spreader_NotAtRisk
5630,notdetected_NotSpreader_NotAtRisk
5631,notdetected_NotSpreader_atRisk
5632,cold_Spreader_NotAtRisk
5633,notdetected_Spreader_atRisk
5634,covid_NotSpreader_atRisk
5635,covid_NotSpreader_NotAtRisk
5636,cold_NotSpreader_NotAtRisk
5637,notdetected_NotSpreader_NotAtRisk
5638,notdetected_Spreader_atRisk
5639,cold_Spreader_atRisk
5640,notdetected_Spreader_atRisk
5641,notdetected_Spreader_NotAtRisk
5642,notdetected_Spreader_NotAtRisk
5643,covid_Spreader_atRisk
5644,notdetected_NotSpreader_atRisk
5645,notdetected_Spreader_atRisk
5646,flue_Spreader_atRisk
5647,flue_Spreader_NotAtRisk
5648,notdetected_Spreader_NotAtRisk
5649,flue_NotSpreader_atRisk
5650,cold_NotSpreader_NotAtRisk
5651,notdetected_Spreader_NotAtRisk
5652,notdetected_Spreader_atRisk
5653,cold_Spreader_NotAtRisk
5654,cmv_NotSpreader_atRisk
5655,covid_Spreader_NotAtRisk
5656,flue_Spreader_NotAtRisk
5657,notdetected_Spreader_NotAtRisk
5658,notdetected_NotSpreader_NotAtRisk
5659,notdetected_Spreader_NotAtRisk
5660,flue_Spreader_atRisk
5661,covid_Spreader_NotAtRisk
5662,notdetected_NotSpreader_NotAtRisk
5663,notdetected_Spreader_NotAtRisk
5664,notdetected_NotSpreader_NotAtRisk
5665,notdetected_Spreader_NotAtRisk
5666,notdetected_NotSpreader_NotAtRisk
5667,notdetected_NotSpreader_atRisk
5668,flue_Spreader_NotAtRisk
5669,notdetected_NotSpreader_NotAtRisk
5670,notdetected_Spreader_atRisk
5671,notdetected_Spreader_NotAtRisk
5672,flue_NotSpreader_atRisk
5673,flue_NotSpreader_atRisk
5674,cold_NotSpreader_NotAtRisk
5675,cmv_NotSpreader_NotAtRisk
5676,notdetected_Spreader_atRisk
5677,notdetected_Spreader_NotAtRisk
5678,notdetected_Spreader_NotAtRisk
5679,cold_Spreader_atRisk
5680,notdetected_Spreader_atRisk
5681,cmv_NotSpreader_NotAtRisk
5682,cold_Spreader_atRisk
5683,cold_Spreader_NotAtRisk
5684,flue_Spreader_atRisk
5685,flue_Spreader_atRisk
5686,cmv_Spreader_atRisk
5687,notdetected_Spreader_NotAtRisk
5688,notdetected_Spreader_atRisk
5689,notdetected_Spreader_NotAtRisk
5690,cmv_NotSpreader_atRisk
5691,notdetected_NotSpreader_atRisk
5692,cmv_Spreader_NotAtRisk
5693,notdetected_NotSpreader_NotAtRisk
5694,flue_Spreader_NotAtRisk
5695,cold_Spreader_atRisk
5696,flue_NotSpreader_atRisk
5697,flue_NotSpreader_atRisk
5698,notdetected_Spreader_atRisk
5699,notdetected_NotSpreader_atRisk
5700,notdetected_NotSpreader_atRisk
5701,notdetected_Spreader_NotAtRisk
5702,flue_Spreader_atRisk
5703,cold_Spreader_atRisk
5704,cold_NotSpreader_atRisk
5705,notdetected_NotSpreader_NotAtRisk
5706,notdetected_Spreader_NotAtRisk
5707,notdetected_NotSpreader_NotAtRisk
5708,notdetected_Spreader_NotAtRisk
5709,notdetected_Spreader_NotAtRisk
5710,cold_NotSpreader_atRisk
5711,cold_NotSpreader_NotAtRisk
5712,notdetected_Spreader_NotAtRisk
5713,notdetected_Spreader_NotAtRisk
5714,flue_Spreader_NotAtRisk
5715,flue_Spreader_atRisk
5716,notdetected_Spreader_atRisk
5717,notdetected_Spreader_atRisk
5718,cold_Spreader_atRisk
5719,notdetected_Spreader_NotAtRisk
5720,cold_NotSpreader_atRisk
5721,cold_Spreader_NotAtRisk
5722,flue_Spreader_atRisk
5723,notdetected_Spreader_NotAtRisk
5724,flue_Spreader_atRisk
5725,cold_Spreader_atRisk
5726,notdetected_Spreader_NotAtRisk
5727,flue_Spreader_atRisk
5728,cold_Spreader_NotAtRisk
5729,flue_Spreader_NotAtRisk
5730,notdetected_NotSpreader_NotAtRisk
5731,flue_Spreader_atRisk
5732,notdetected_Spreader_atRisk
5733,flue_Spreader_atRisk
5734,flue_NotSpreader_NotAtRisk
5735,flue_Spreader_atRisk
5736,flue_Spreader_atRisk
5737,cold_NotSpreader_atRisk
5738,cold_NotSpreader_NotAtRisk
5739,notdetected_Spreader_NotAtRisk
5740,flue_Spreader_NotAtRisk
5741,notdetected_NotSpreader_atRisk
5742,covid_Spreader_atRisk
5743,flue_Spreader_atRisk
5744,flue_Spreader_NotAtRisk
5745,notdetected_Spreader_atRisk
5746,notdetected_NotSpreader_atRisk
5747,notdetected_Spreader_NotAtRisk
5748,cmv_Spreader_NotAtRisk
5749,notdetected_NotSpreader_atRisk
5750,notdetected_NotSpreader_atRisk
5751,notdetected_Spreader_atRisk
5752,notdetected_NotSpreader_NotAtRisk
5753,flue_Spreader_NotAtRisk
5754,cold_Spreader_NotAtRisk
5755,cold_NotSpreader_atRisk
5756,flue_Spreader_NotAtRisk
5757,notdetected_NotSpreader_NotAtRisk
5758,notdetected_Spreader_atRisk
5759,cold_Spreader_NotAtRisk
5760,notdetected_NotSpreader_atRisk
5761,notdetected_Spreader_NotAtRisk
5762,cold_Spreader_atRisk
5763,cold_Spreader_NotAtRisk
5764,flue_Spreader_NotAtRisk
5765,notdetected_NotSpreader_NotAtRisk
5766,notdetected_Spreader_atRisk
5767,flue_Spreader_atRisk
5768,notdetected_Spreader_atRisk
5769,notdetected_NotSpreader_NotAtRisk
5770,flue_Spreader_NotAtRisk
5771,cold_Spreader_atRisk
5772,notdetected_Spreader_atRisk
5773,notdetected_NotSpreader_NotAtRisk
5774,flue_Spreader_atRisk
5775,notdetected_Spreader_atRisk
5776,notdetected_Spreader_NotAtRisk
5777,notdetected_NotSpreader_NotAtRisk
5778,cold_Spreader_NotAtRisk
5779,flue_NotSpreader_atRisk
5780,notdetected_Spreader_NotAtRisk
5781,notdetected_NotSpreader_NotAtRisk
5782,notdetected_Spreader_NotAtRisk
5783,notdetected_Spreader_NotAtRisk
5784,cold_NotSpreader_atRisk
5785,cold_Spreader_NotAtRisk
5786,cold_NotSpreader_atRisk
5787,notdetected_NotSpreader_NotAtRisk
5788,notdetected_Spreader_atRisk
5789,cold_Spreader_atRisk
5790,notdetected_NotSpreader_NotAtRisk
5791,flue_Spreader_atRisk
5792,notdetected_Spreader_NotAtRisk
5793,notdetected_NotSpreader_atRisk
5794,cold_Spreader_NotAtRisk
5795,notdetected_NotSpreader_atRisk
5796,notdetected_Spreader_NotAtRisk
5797,notdetected_NotSpreader_atRisk
5798,cmv_NotSpreader_NotAtRisk
5799,flue_NotSpreader_NotAtRisk
5800,cold_Spreader_NotAtRisk
5801,notdetected_Spreader_NotAtRisk
5802,covid_Spreader_NotAtRisk
5803,notdetected_Spreader_atRisk
5804,notdetected_Spreader_atRisk
5805,notdetected_Spreader_NotAtRisk
5806,notdetected_Spreader_atRisk
5807,cold_NotSpreader_NotAtRisk
5808,notdetected_Spreader_NotAtRisk
5809,flue_Spreader_NotAtRisk
5810,cold_Spreader_NotAtRisk
5811,notdetected_NotSpreader_NotAtRisk
5812,covid_NotSpreader_NotAtRisk
5813,flue_Spreader_NotAtRisk
5814,flue_Spreader_atRisk
5815,notdetected_Spreader_NotAtRisk
5816,notdetected_NotSpreader_atRisk
5817,notdetected_NotSpreader_atRisk
5818,flue_NotSpreader_atRisk
5819,covid_Spreader_NotAtRisk
5820,flue_Spreader_NotAtRisk
5821,notdetected_Spreader_atRisk
5822,cold_Spreader_atRisk
5823,notdetected_Spreader_atRisk
5824,cold_NotSpreader_NotAtRisk
5825,cmv_Spreader_atRisk
5826,flue_Spreader_NotAtRisk
5827,covid_Spreader_atRisk
5828,flue_NotSpreader_atRisk
5829,notdetected_Spreader_atRisk
5830,flue_Spreader_NotAtRisk
5831,flue_NotSpreader_NotAtRisk
5832,notdetected_Spreader_atRisk
5833,notdetected_Spreader_NotAtRisk
5834,flue_Spreader_atRisk
5835,flue_Spreader_NotAtRisk
5836,notdetected_Spreader_atRisk
5837,flue_Spreader_NotAtRisk
5838,notdetected_Spreader_NotAtRisk
5839,notdetected_Spreader_NotAtRisk
5840,cmv_NotSpreader_NotAtRisk
5841,flue_Spreader_NotAtRisk
5842,notdetected_Spreader_atRisk
5843,notdetected_Spreader_NotAtRisk
5844,notdetected_Spreader_NotAtRisk
5845,notdetected_NotSpreader_NotAtRisk
5846,flue_Spreader_atRisk
5847,notdetected_NotSpreader_atRisk
5848,covid_Spreader_atRisk
5849,flue_NotSpreader_NotAtRisk
5850,cold_Spreader_atRisk
5851,notdetected_NotSpreader_atRisk
5852,cmv_Spreader_NotAtRisk
5853,notdetected_NotSpreader_NotAtRisk
5854,notdetected_NotSpreader_NotAtRisk
5855,notdetected_Spreader_atRisk
5856,notdetected_NotSpreader_atRisk
5857,notdetected_Spreader_NotAtRisk
5858,notdetected_Spreader_NotAtRisk
5859,notdetected_NotSpreader_NotAtRisk
5860,cold_Spreader_NotAtRisk
5861,notdetected_Spreader_NotAtRisk
5862,notdetected_Spreader_NotAtRisk
5863,notdetected_Spreader_atRisk
5864,measles_Spreader_NotAtRisk
5865,measles_NotSpreader_NotAtRisk
5866,notdetected_Spreader_NotAtRisk
5867,flue_Spreader_atRisk
5868,flue_Spreader_NotAtRisk
5869,covid_Spreader_atRisk
5870,notdetected_Spreader_atRisk
5871,notdetected_Spreader_atRisk
5872,cold_NotSpreader_NotAtRisk
5873,covid_Spreader_NotAtRisk
5874,flue_NotSpreader_atRisk
5875,flue_NotSpreader_atRisk
5876,cold_NotSpreader_atRisk
5877,flue_NotSpreader_atRisk
5878,notdetected_Spreader_atRisk
5879,notdetected_Spreader_NotAtRisk
5880,flue_Spreader_atRisk
5881,flue_Spreader_NotAtRisk
5882,notdetected_NotSpreader_NotAtRisk
5883,notdetected_Spreader_atRisk
5884,notdetected_Spreader_NotAtRisk
5885,cold_Spreader_NotAtRisk
5886,flue_Spreader_atRisk
5887,notdetected_NotSpreader_atRisk
5888,flue_NotSpreader_NotAtRisk
5889,notdetected_NotSpreader_NotAtRisk
5890,flue_NotSpreader_NotAtRisk
5891,notdetected_Spreader_NotAtRisk
5892,notdetected_NotSpreader_atRisk
5893,notdetected_Spreader_atRisk
5894,notdetected_NotSpreader_NotAtRisk
5895,cold_NotSpreader_NotAtRisk
5896,cmv_NotSpreader_atRisk
5897,notdetected_Spreader_atRisk
5898,notdetected_NotSpreader_NotAtRisk
5899,cold_Spreader_NotAtRisk
5900,flue_Spreader_NotAtRisk
5901,notdetected_Spreader_atRisk
5902,notdetected_Spreader_atRisk
5903,covid_Spreader_NotAtRisk
5904,cold_Spreader_NotAtRisk
5905,notdetected_Spreader_atRisk
5906,notdetected_Spreader_NotAtRisk
5907,covid_NotSpreader_NotAtRisk
5908,flue_Spreader_NotAtRisk
5909,flue_Spreader_atRisk
5910,measles_Spreader_atRisk
5911,notdetected_NotSpreader_atRisk
5912,flue_NotSpreader_atRisk
5913,flue_NotSpreader_atRisk
5914,notdetected_Spreader_NotAtRisk
5915,notdetected_Spreader_NotAtRisk
5916,flue_Spreader_atRisk
5917,flue_NotSpreader_NotAtRisk
5918,notdetected_Spreader_atRisk
5919,notdetected_Spreader_atRisk
5920,notdetected_NotSpreader_NotAtRisk
5921,cold_Spreader_atRisk
5922,measles_Spreader_NotAtRisk
5923,notdetected_NotSpreader_NotAtRisk
5924,covid_NotSpreader_atRisk
5925,notdetected_NotSpreader_NotAtRisk
5926,flue_Spreader_NotAtRisk
5927,cmv_Spreader_atRisk
5928,notdetected_NotSpreader_NotAtRisk
5929,measles_NotSpreader_atRisk
5930,cold_Spreader_NotAtRisk
5931,notdetected_Spreader_atRisk
5932,covid_Spreader_NotAtRisk
5933,notdetected_Spreader_NotAtRisk
5934,flue_Spreader_atRisk
5935,notdetected_NotSpreader_atRisk
5936,flue_NotSpreader_atRisk
5937,cold_Spreader_NotAtRisk
5938,measles_Spreader_atRisk
5939,cmv_NotSpreader_NotAtRisk
5940,notdetected_Spreader_atRisk
5941,notdetected_Spreader_atRisk
5942,flue_Spreader_atRisk
5943,flue_NotSpreader_atRisk
5944,cold_Spreader_NotAtRisk
5945,cold_Spreader_NotAtRisk
5946,notdetected_Spreader_atRisk
5947,flue_NotSpreader_atRisk
5948,flue_NotSpreader_NotAtRisk
5949,cold_Spreader_atRisk
5950,notdetected_Spreader_atRisk
5951,notdetected_NotSpreader_NotAtRisk
5952,cold_Spreader_NotAtRisk
5953,flue_Spreader_NotAtRisk
5954,cold_NotSpreader_NotAtRisk
5955,cold_Spreader_NotAtRisk
5956,flue_Spreader_NotAtRisk
5957,notdetected_NotSpreader_atRisk
5958,notdetected_NotSpreader_atRisk
5959,flue_Spreader_NotAtRisk
5960,flue_NotSpreader_NotAtRisk
5961,notdetected_NotSpreader_atRisk
5962,cold_NotSpreader_NotAtRisk
5963,notdetected_Spreader_atRisk
5964,cold_NotSpreader_atRisk
5965,covid_Spreader_NotAtRisk
5966,flue_NotSpreader_NotAtRisk
5967,cold_Spreader_NotAtRisk
5968,notdetected_NotSpreader_atRisk
5969,notdetected_NotSpreader_atRisk
5970,notdetected_Spreader_atRisk
5971,cold_Spreader_NotAtRisk
5972,flue_Spreader_NotAtRisk
5973,measles_NotSpreader_atRisk
5974,notdetected_Spreader_atRisk
5975,flue_Spreader_NotAtRisk
5976,covid_Spreader_atRisk
5977,notdetected_Spreader_NotAtRisk
5978,cold_NotSpreader_atRisk
5979,notdetected_NotSpreader_NotAtRisk
5980,notdetected_NotSpreader_atRisk
5981,cold_NotSpreader_NotAtRisk
5982,cold_Spreader_NotAtRisk
5983,cold_Spreader_atRisk
5984,flue_Spreader_NotAtRisk
5985,flue_Spreader_NotAtRisk
5986,cmv_Spreader_NotAtRisk
5987,notdetected_Spreader_atRisk
5988,notdetected_Spreader_atRisk
5989,notdetected_Spreader_NotAtRisk
5990,notdetected_Spreader_atRisk
5991,flue_NotSpreader_NotAtRisk
5992,notdetected_Spreader_atRisk
5993,notdetected_Spreader_atRisk
5994,cold_Spreader_atRisk
5995,cmv_NotSpreader_NotAtRisk
5996,notdetected_Spreader_atRisk
5997,notdetected_NotSpreader_NotAtRisk
5998,cold_Spreader_atRisk
5999,flue_NotSpreader_atRisk
